zeit,worker_pid,gelesen_mib,major_faults,cached_mib,modellzustand
18:23:10,,,,2531,starting
18:23:15,,,,2903,starting
18:23:20,,,,4488,starting
18:23:25,1852073,6,3,8361,starting
18:23:31,1852073,26,6,12031,starting
18:23:36,1852073,582,133,14124,starting
18:23:41,1852073,1485,543,17040,starting
18:23:46,1852073,2329,997,19898,starting
18:23:51,1852073,3169,1257,21679,starting
18:23:56,1852073,4082,1475,23397,starting
18:24:08,1852073,4590,1700,24860,starting
18:24:13,1852073,4901,1829,25776,starting
18:24:18,1852073,5339,1988,26262,starting
18:24:23,1852073,5513,2341,26834,starting
18:24:29,1852073,6071,2676,27293,starting
18:24:34,1852073,6838,3234,25841,starting
18:24:39,1852073,7891,5809,27213,starting
18:24:44,1852073,8810,6274,27132,starting
18:24:49,1852073,10015,6982,27140,starting
18:24:54,1852073,11227,7728,27011,starting
18:24:59,1852073,12504,8450,26753,starting
18:25:04,1852073,13769,9219,26543,starting
18:25:09,1852073,15080,9997,26262,starting
18:25:14,1852073,16383,10559,24401,starting
18:25:19,1852073,17241,11056,23178,starting
18:25:24,1852073,18219,11499,20527,starting
18:25:29,1852073,19444,12212,24297,starting
18:25:34,1852073,20750,12609,24480,starting
18:25:40,1852073,21440,13745,26997,starting
18:25:45,1852073,21571,15327,24547,starting
18:25:50,1852073,21571,15327,20915,starting
18:25:55,1852073,21571,15327,20765,starting
18:26:00,1852073,21571,15330,20379,starting
18:26:05,1852073,21571,15330,19703,starting
18:26:10,1852073,21571,15330,19381,starting
18:26:15,1852073,21571,15330,17720,starting
18:26:20,1852073,21571,15333,18515,starting
18:26:25,1852073,21571,15333,17731,starting
18:26:30,1852073,21571,15334,16848,starting
18:26:35,1852073,21571,15334,17073,starting
18:26:40,1852073,21571,15335,16150,starting
18:26:45,1852073,21571,15335,18439,starting
18:26:50,1852073,21571,15335,21484,starting
18:26:55,1852073,21571,15335,25454,starting
18:27:01,1852073,21571,15335,26133,starting
18:27:06,1852073,21571,15335,26061,starting
18:27:11,1852073,21571,15335,25984,starting
18:27:16,1852073,21571,15335,25933,starting
18:27:21,1852073,21571,15335,25882,starting
18:27:26,1852073,21571,15335,25723,starting
18:27:31,1852073,21571,15335,25693,starting
18:27:36,1852073,21571,15335,25628,starting
18:27:41,1852073,21571,15335,25497,starting
18:27:46,1852073,21571,15335,25587,starting
18:27:51,1852073,21571,15335,25803,starting
18:27:56,1852073,21571,15335,25961,starting
18:28:01,1852073,21571,15335,25817,starting
18:28:06,1852073,21571,15335,25778,starting
18:28:11,1852073,21571,15335,25830,starting
18:28:16,1852073,21571,15335,23514,starting
18:28:21,1852073,21596,16369,23283,starting
18:28:26,1852073,21737,34716,25207,starting
18:28:31,1852073,21949,89184,24663,starting
18:28:36,1852073,22163,143746,25060,starting
18:28:41,1852073,22333,187425,24327,starting
18:28:46,1852073,22474,223520,24497,starting
18:28:51,1852073,22688,277165,24002,starting
18:28:56,1852073,22688,277165,19306,starting
18:29:01,1852073,22688,277165,19505,starting
18:29:06,1852073,22695,278371,19625,starting
18:29:11,1852073,22695,278433,19765,starting
18:29:16,1852073,22695,278433,19804,starting
18:29:21,1852073,22695,278433,19604,starting
18:29:26,1852073,22695,278433,19237,starting
18:29:31,1852073,22703,280055,19002,ready
18:29:36,1852073,22703,280192,18906,ready
18:29:41,1852073,22709,281664,18815,ready
18:29:46,1852073,22715,283092,18516,ready
18:29:51,1852073,22724,285380,18534,ready
18:29:56,1852073,22732,287499,18560,ready
18:30:01,1852073,22742,289968,18393,ready
18:30:06,1852073,22747,291274,17365,ready
18:30:11,1852073,22748,291626,17422,ready
18:30:16,1852073,22750,292024,17455,ready
18:30:21,1852073,22751,292436,17464,ready
18:30:26,1852073,22753,292830,17465,ready
18:30:31,1852073,22755,293214,17471,ready
18:30:36,1852073,22756,293601,17475,ready
18:30:41,1852073,22758,293998,17476,ready
18:30:46,1852073,22759,294248,17484,ready
18:30:51,1852073,22759,294248,17499,ready
18:30:56,1852073,22759,294248,17504,ready
18:31:01,1852073,22759,294248,17504,ready
18:31:06,1852073,22759,294253,17506,ready
18:31:11,1852073,22759,294262,17435,ready
18:31:16,1852073,22759,294267,17443,ready
18:31:21,1852073,22760,294526,17444,ready
18:31:26,1852073,22761,294926,17446,ready
18:31:31,1852073,22763,295345,17456,ready
18:31:36,1852073,22764,295696,17458,ready
18:31:41,1852073,22767,296345,17459,ready
18:31:47,1852073,22769,296681,17461,ready
18:31:52,1852073,22769,296681,17467,ready
18:31:57,1852073,22769,296681,17475,ready
18:32:02,1852073,22769,296681,17476,ready
18:32:07,1852073,22769,296681,17476,ready
18:32:12,1852073,22769,296681,17476,ready
18:32:17,1852073,22769,296681,17476,ready
18:32:22,1852073,22769,296681,17476,ready
18:32:27,1852073,22769,296681,17476,ready
18:32:32,1852073,22769,296687,17477,ready
18:32:37,1852073,22769,296693,17477,ready
18:32:42,1852073,22769,296771,17477,ready
18:32:47,1852073,22770,297104,17478,ready
18:32:52,1852073,22772,297480,17480,ready
18:32:57,1852073,22773,297804,17481,ready
18:33:02,1852073,22774,298147,17483,ready
18:33:07,1852073,22776,298519,17485,ready
18:33:12,1852073,22777,298864,17486,ready
18:33:17,1852073,22779,299243,17508,ready
18:33:22,1852073,22780,299587,17510,ready
18:33:27,1852073,22781,299908,17511,ready
18:33:32,1852073,22782,300076,17512,ready
18:33:37,1852073,22782,300076,17512,ready
18:33:42,1852073,22782,300076,17512,ready
18:33:47,1852073,22782,300076,17512,ready
18:33:52,1852073,22782,300076,17513,ready
18:33:57,1852073,22782,300076,17513,ready
18:34:02,1852073,22782,300076,17513,ready
18:34:07,1852073,22782,300076,17514,ready
18:34:12,1852073,22782,300076,17514,ready
18:34:17,1852073,22782,300076,17514,ready
18:34:22,1852073,22782,300076,17514,ready
18:34:27,1852073,22782,300076,17514,ready
18:34:32,1852073,22782,300076,17514,ready
18:34:37,1852073,22782,300076,17514,ready
18:34:42,1852073,22782,300076,17516,ready
18:34:47,1852073,22782,300076,17518,ready
18:34:52,1852073,22782,300076,17518,ready
18:34:57,1852073,22782,300076,17521,ready
18:35:02,1852073,22782,300076,17521,ready
18:35:07,1852073,22782,300076,17521,ready
18:35:12,1852073,22782,300076,17563,ready
18:35:17,1852073,22782,300076,17563,ready
18:35:22,1852073,22782,300076,17563,ready
18:35:27,1852073,22782,300076,17563,ready
18:35:32,1852073,22782,300076,17563,ready
18:35:37,1852073,22782,300076,17562,ready
18:35:42,1852073,22782,300076,17562,ready
18:35:47,1852073,22782,300076,17563,ready
18:35:52,1852073,22782,300076,17563,ready
18:35:57,1852073,22782,300076,17563,ready
18:36:02,1852073,22782,300076,17564,ready
18:36:07,1852073,22782,300076,17564,ready
18:36:12,1852073,22782,300076,17564,ready
18:36:17,1852073,22782,300076,17567,ready
18:36:22,1852073,22782,300076,17567,ready
18:36:27,1852073,22782,300076,17561,ready
18:36:32,1852073,22782,300076,17561,ready
18:36:37,1852073,22782,300076,17563,ready
18:36:42,1852073,22782,300076,17564,ready
18:36:47,1852073,22782,300076,17564,ready
18:36:52,1852073,22782,300076,17564,ready
18:36:57,1852073,22782,300076,17564,ready
18:37:02,1852073,22782,300076,17564,ready
18:37:07,1852073,22782,300076,17564,ready
18:37:12,1852073,22782,300076,17564,ready
18:37:17,1852073,22782,300076,17564,ready
18:37:22,1852073,22782,300076,17564,ready
18:37:27,1852073,22782,300076,17568,ready
18:37:32,1852073,22782,300076,17568,ready
18:37:37,1852073,22782,300076,17568,ready
18:37:42,1852073,22782,300076,17568,ready
