t,mem_avail_mib,mem_free_mib,cached_mib,anon_mib,swap_used_mib,pswpout,pswpin,vllm_anon_mib,vllm_file_mib,vllm_swap_mib,vllm_procs,gpu0,gpu1,gpu2,gpu3,gpu4
06:21:06,27745,15724,11718,1874,5483,233867622,153614262,8,7,0,1,0,0,0,0,0
06:21:07,27499,15234,11964,2114,5483,233867622,153618272,233,247,0,1,0,0,0,0,0
06:21:08,27413,15119,11995,2207,5475,233867622,153618979,312,297,0,1,0,0,0,0,0
06:21:09,27330,15015,12015,2275,5475,233867622,153619162,375,309,0,1,0,0,0,0,0
06:21:10,27294,14941,12052,2321,5474,233867622,153619247,389,310,0,1,0,0,0,0,0
06:21:11,27241,14826,12110,2388,5474,233867622,153619706,433,335,0,1,0,0,0,0,0
06:21:12,27192,14755,12132,2420,5473,233867622,153620172,469,338,0,1,0,0,0,0,0
06:21:14,27132,14662,12164,2483,5473,233867622,153620175,532,355,0,1,0,0,0,0,0
06:21:15,27014,14525,12183,2556,5473,233867622,153620280,621,356,0,1,0,0,0,0,0
06:21:16,26658,14168,12184,2787,5473,233867622,153620285,841,361,0,1,3,4,3,4,4
06:21:17,26431,13941,12184,3001,5473,233867622,153620301,1066,361,0,1,3,4,3,4,4
06:21:18,26372,13882,12184,3054,5473,233867622,153620314,1133,361,0,1,3,4,3,4,4
06:21:19,26035,13542,12182,3395,5473,233867622,153620331,1193,362,0,1,3,4,3,4,4
06:21:20,25955,13462,12182,3484,5473,233867622,153620336,1193,355,0,1,3,4,3,4,4
06:21:21,25910,13415,12182,3553,5473,233867622,153620342,1193,351,0,1,3,4,3,4,4
06:21:22,25875,13377,12182,3600,5473,233867622,153620358,1193,351,0,1,3,4,3,4,4
06:21:23,25806,13306,12182,3658,5473,233867622,153620361,1193,351,0,1,3,4,3,4,4
06:21:24,25779,13279,12182,3687,5473,233867622,153620366,1193,351,0,1,3,4,3,4,4
06:21:26,24721,12219,12184,4736,5473,233867622,153620372,1756,699,0,2,3,4,3,4,4
06:21:27,24354,11852,12184,5123,5473,233867622,153620412,1756,699,0,2,3,4,3,4,4
06:21:28,24190,11686,12186,5269,5473,233867622,153620822,1756,699,0,2,3,4,3,4,4
06:21:29,23990,11486,12186,5492,5473,233867622,153620853,1756,699,0,2,3,4,3,4,4
06:21:30,23689,11181,12190,5757,5473,233867622,153620959,1756,699,0,2,3,4,3,4,4
06:21:31,23477,10968,12191,5950,5473,233867622,153621016,1756,699,0,2,3,4,3,4,4
06:21:32,23081,10428,12334,6243,5473,233867622,153621064,1756,699,0,2,3,4,3,4,4
06:21:33,22104,9309,12506,7052,5473,233867622,153621112,5089,2837,0,6,3,312,167,312,4
06:21:34,21177,8291,12621,7876,5473,233867622,153621158,5956,3093,0,6,239,454,239,454,4
06:21:35,20463,7505,12734,8287,5473,233867622,153621208,6089,3700,0,6,993,1212,993,1212,4
06:21:37,19118,6062,12831,9578,5473,233867622,153621319,7255,3786,0,6,20047,20242,20047,20242,4
06:21:38,18842,5729,12889,9763,5473,233867622,153621356,7380,3787,0,6,20047,20242,20047,20242,4
06:21:39,18895,4910,13760,9556,5473,233867622,153621500,7148,6566,0,6,20047,20242,20047,20242,4
06:21:40,19139,4587,14343,9631,5473,233867622,153621800,7149,9678,0,6,20047,20242,20047,20242,4
06:21:41,19110,4764,14140,9692,5473,233868273,153622597,7149,12395,0,6,20047,20242,20047,20242,4
06:21:42,19082,4434,14448,9734,5473,233868407,153622782,7162,5332,0,6,20047,20242,20047,20242,4
06:21:43,18934,5531,13215,9778,5473,233869446,153622795,7163,8440,0,6,20239,20242,20047,20242,4
06:21:44,18933,7499,11271,9785,5473,233869485,153622812,7164,11232,0,6,20239,20242,20047,20242,4
06:21:46,18931,9460,9324,9794,5473,233869485,153622822,7165,13302,0,6,20239,20242,20047,20242,4
06:21:47,18944,8950,9850,9774,5473,233874054,153622985,7165,15131,0,6,20239,20242,20047,20242,4
06:21:48,18988,8204,10640,9726,5474,233879318,153623063,7166,16302,0,6,20239,20242,20047,20242,4
06:21:49,18988,8141,10706,9707,5497,233886732,153623236,7167,17838,0,6,20239,20242,20047,20242,4
06:21:50,18958,7953,10864,9741,5500,233888224,153623420,7168,19484,0,6,20239,20242,20047,20242,4
06:21:51,18981,7801,11039,9729,5500,233888866,153623482,7169,22883,0,6,20239,20242,20047,20242,4
06:21:52,18963,8113,10722,9731,5502,233890527,153623829,7170,24583,0,6,20239,20242,20047,20242,4
06:21:54,18963,7369,11464,9757,5503,233890942,153623903,7175,2513,0,6,20239,20242,20047,20242,4
06:21:55,19016,6688,12198,9735,5518,233896574,153624083,7157,5450,19,6,20239,20242,20047,20242,4
06:21:56,19270,6449,12692,9476,5801,233968733,153624878,6885,6362,291,6,20239,20242,20047,20242,4
06:21:57,19341,6238,12974,9406,5976,234010432,153625235,6712,6816,464,6,20239,20242,20047,20242,4
06:21:58,19498,5981,13387,9244,6065,234032609,153625364,6629,7172,548,6,20239,20242,20047,20242,4
06:21:59,19504,5457,13917,9230,6078,234035678,153625391,6612,7673,564,6,20239,20242,20047,20242,4
06:22:00,19624,5267,14227,9117,6193,234064086,153625644,6497,8103,680,6,20239,20242,20047,20242,4
06:22:01,19705,5052,14523,8990,6324,234096895,153625843,6365,8710,812,6,20239,20242,20047,20242,4
06:22:02,19820,4763,14928,8918,6403,234117165,153626022,6294,9142,883,6,20239,20242,20047,20242,4
06:22:04,19965,4635,15200,8769,6545,234153914,153626280,6150,9815,1028,6,20239,20242,20047,20242,4
06:22:05,20090,4472,15489,8639,6671,234186603,153626727,6035,10284,1143,6,20239,20242,20047,20242,4
06:22:06,20192,4273,15790,8536,6768,234212321,153626935,5941,10921,1237,6,20239,20242,20047,20242,4
06:22:07,20296,4068,16098,8434,6860,234236766,153627081,5854,11455,1325,6,20239,20242,20047,20242,4
06:22:08,20363,3710,16522,8368,6920,234252681,153627125,5796,11867,1383,6,20239,20242,20047,20242,4
06:22:09,20446,3388,16927,8287,6995,234269811,153627337,5719,12918,1461,6,20239,20242,20047,20242,4
06:22:10,20479,3093,17254,8214,7083,234292119,153627645,5632,13481,1547,6,20239,20242,20047,20242,4
06:22:11,20624,2981,17512,8098,7204,234322709,153628059,5511,13905,1669,6,20239,20242,20047,20242,4
06:22:12,20738,2832,17774,7984,7318,234352070,153628163,5401,14407,1780,6,20239,20242,20047,20242,4
06:22:13,20778,2471,18175,7925,7377,234366973,153628181,5345,14822,1835,6,20239,20242,20047,20242,4
06:22:15,20895,2303,18460,7823,7480,234393349,153628207,5236,15563,1945,6,20239,20242,20047,20242,4
06:22:16,20984,2082,18771,7724,7579,234418579,153628408,5141,16119,2040,6,20239,20242,20047,20242,4
06:22:17,21066,1928,19006,7636,7668,234440628,153628487,5054,16438,2127,6,20239,20242,20047,20242,4
06:22:18,21309,1620,19558,7388,7914,234501844,153628733,4797,17418,2385,6,20239,20242,20047,20242,4
06:22:19,21529,1256,20142,7152,8146,234559699,153628785,4576,18311,2606,6,20239,20242,20047,20242,4
06:22:20,21632,842,20757,6959,8340,234605389,153628948,4368,19528,2815,6,20239,20242,20047,20242,4
06:22:21,21667,602,21279,6676,8627,234676274,153629015,4107,20483,3076,6,20239,20242,20047,20242,4
06:22:22,21979,378,21829,6404,8867,234732043,153629191,3874,3002,3313,6,20239,20242,20047,20242,4
06:22:23,22391,379,22241,6008,9263,234829644,153629349,3514,3671,3673,6,20239,20242,20047,20242,4
06:22:25,22770,378,22604,5655,9575,234913449,153629537,3156,4446,4031,6,20239,20242,20047,20242,4
06:22:27,23419,404,23232,5002,10153,235066032,153629840,2465,5195,4722,6,20239,20242,20047,20242,4
06:22:29,24305,582,23941,4117,10916,235272944,153630102,1916,5904,5271,6,20239,20242,20047,20242,4
06:22:32,25119,576,24763,3296,11653,235465793,153631386,1133,6769,6054,6,20239,20242,20047,20242,4
06:22:34,25719,578,25360,2702,12251,235610505,153632153,814,7326,6373,6,20239,20242,20047,20242,4
06:22:37,26178,562,25832,2231,12710,235724176,153634070,471,8034,6716,6,20239,20242,20047,20242,4
06:22:39,26404,474,26147,2005,12902,235772737,153635637,304,8746,6884,6,20239,20242,20047,20242,4
06:22:41,26658,478,26415,1733,13117,235850549,153645386,223,9156,6965,6,20239,20242,20047,20242,4
06:22:43,27148,334,26691,1558,13269,235895861,153653713,226,10924,6963,6,20239,20242,20047,20242,4
06:22:44,27161,574,26464,1543,13271,235900908,153656502,228,11855,6962,6,20239,20242,20047,20242,4
06:22:45,27107,247,26738,1557,13272,235904722,153665099,230,13643,6960,6,20239,20242,20047,20242,4
06:22:46,26997,285,26756,1548,13273,235911105,153670942,232,14274,6959,6,20239,20242,20047,20242,4
06:22:48,27120,729,26270,1532,13286,235918261,153676690,233,15096,6958,6,20239,20242,20047,20242,4
06:22:49,27139,1588,25430,1540,13296,235920257,153681863,235,15987,6957,6,20239,20242,20047,20242,4
06:22:50,27075,2715,24239,1565,13299,235920626,153688443,238,16481,6953,6,20239,20242,20047,20242,4
06:22:51,27012,2915,23977,1630,13299,235920626,153703253,243,18028,6950,6,20239,20242,20047,20242,4
06:22:52,26943,5192,21631,1683,13297,235920808,153714844,278,7159,6917,6,20239,20242,20047,20242,4
06:22:53,27036,6750,20165,1692,13287,235920905,153717387,279,4169,6917,6,20239,20242,20047,20242,4
06:22:55,27105,7175,19810,1651,13291,235923341,153718016,280,5683,6916,6,20239,20242,20047,20242,4
06:22:56,27100,7895,19085,1649,13295,235926389,153718259,280,6560,6916,6,20239,20242,20047,20242,4
06:22:57,27087,8794,18175,1638,13297,235928882,153718446,281,7352,6916,6,20239,20242,20047,20242,4
06:22:58,27117,9005,17994,1612,13298,235931636,153718806,282,8259,6915,6,20239,20242,20047,20242,4
06:22:59,27125,8738,18267,1606,13300,235933348,153718991,283,9544,6915,6,20239,20242,20047,20242,4
06:23:00,27099,9184,17796,1606,13302,235935212,153721640,285,10305,6914,6,20239,20242,20047,20242,4
06:23:01,27077,8298,18659,1614,13302,235935212,153723611,289,10377,6910,6,20239,20242,20047,20242,4
06:23:02,27065,7426,19519,1633,13302,235935212,153728912,309,10622,6890,6,20239,20242,20047,20242,4
06:23:03,27013,6512,20381,1650,13302,235935212,153732696,322,10945,6877,6,20239,20242,20047,20242,4
06:23:04,26992,5626,21247,1655,13302,235935212,153734075,326,11493,6874,6,20239,20242,20047,20242,4
06:23:06,26990,4749,22122,1661,13301,235935212,153735168,327,13421,6874,6,20239,20242,20047,20242,4
06:23:07,26954,3917,22918,1668,13301,235935212,153736225,330,7281,6873,6,20239,20242,20047,20242,4
06:23:08,26930,3007,23804,1671,13301,235935212,153736566,331,8870,6872,6,20239,20242,20047,20242,4
06:23:09,26931,2138,24673,1675,13301,235935212,153737077,333,10805,6871,6,20239,20242,20047,20242,4
06:23:10,26993,1484,25390,1707,13302,235935397,153737650,353,12404,6870,6,20239,20242,20047,20242,4
06:23:11,27031,967,25944,1703,13301,235935750,153742152,336,4541,6869,6,20239,20242,20047,20242,4
06:23:12,26972,502,26402,1705,13302,235936710,153744048,338,6578,6868,6,20239,20242,20047,20242,4
06:23:13,27006,364,26523,1704,13303,235937178,153744469,340,8321,6867,6,20239,20242,20047,20242,4
06:23:14,27006,353,26534,1703,13306,235937741,153744795,342,10152,6866,6,20239,20242,20047,20242,4
06:23:16,26863,344,26525,1710,13307,235938095,153746277,344,12083,6866,6,20239,20242,20047,20242,4
06:23:17,26957,344,26496,1719,13307,235938189,153748672,345,14209,6865,6,20239,20242,20047,20242,4
06:23:18,26876,257,26595,1724,13310,235942551,153755593,391,14641,6844,6,20239,20242,20047,20242,4
06:23:19,26946,308,26520,1726,13310,235945433,153756330,393,16685,6843,6,20239,20242,20047,20242,4
06:23:20,26950,344,26519,1731,13310,235945433,153757194,395,16104,6842,6,20239,20242,20047,20242,4
06:23:21,27017,475,26423,1736,13310,235945670,153757730,397,3248,6841,6,20239,20242,20047,20242,4
06:23:22,26992,229,26645,1741,13310,235945670,153758053,398,5319,6841,6,20239,20242,20047,20242,4
06:23:24,26918,297,26549,1746,13310,235945678,153758460,399,7312,6840,6,20239,20242,20047,20242,4
06:23:25,26948,640,26189,1753,13310,235945996,153759137,401,9073,6839,6,20239,20242,20047,20242,4
06:23:26,26958,517,26322,1743,13310,235946164,153761284,403,10876,6838,6,20239,20242,20047,20242,4
06:23:27,26928,2103,24705,1749,13310,235946573,153762658,404,12731,6838,6,20239,20242,20047,20242,4
06:23:28,26942,2138,24685,1758,13310,235948139,153763310,406,14241,6837,6,20239,20242,20047,20242,4
06:23:29,27014,1944,24954,1681,13325,235964010,153763967,385,15603,6859,6,20239,20242,20047,20242,4
06:23:30,27006,3217,23672,1675,13327,235966725,153765321,387,17109,6858,6,20239,20242,20047,20242,4
06:23:31,27002,4894,21993,1649,13329,235969503,153766607,389,18436,6857,6,20239,20242,20047,20242,4
06:23:33,27005,4224,22669,1670,13329,235969904,153772414,394,2564,6853,6,20239,20242,20047,20242,4
06:23:34,27023,3608,23299,1687,13328,235969922,153775631,395,4462,6853,6,20239,20242,20047,20242,4
06:23:35,27029,4042,22868,1695,13328,235970177,153777313,396,6253,6852,6,20239,20242,20047,20242,4
06:23:36,27013,5591,21305,1707,13328,235970744,153778997,398,7463,6851,6,20239,20242,20047,20242,4
06:23:37,27029,6414,20498,1695,13328,235972001,153779907,399,9014,6851,6,20239,20242,20047,20242,4
06:23:38,27002,6807,20088,1696,13329,235974233,153781680,400,10256,6850,6,20239,20242,20047,20242,4
06:23:39,27037,6528,20403,1677,13329,235975186,153782840,401,13091,6850,6,20239,20242,20047,20242,4
06:23:40,27012,5764,21142,1691,13329,235975453,153785852,403,14307,6849,6,20239,20242,20047,20242,4
06:23:41,27011,5498,21408,1692,13329,235976513,153787064,404,16589,6849,6,20239,20242,20047,20242,4
06:23:43,26985,5173,21705,1696,13302,235976793,153787483,406,19542,6849,6,20239,20242,20047,20242,4
06:23:44,26959,4695,22159,1701,13302,235976793,153788059,408,22352,6848,6,20239,20242,20047,20242,4
06:23:45,26673,6968,19600,2086,13302,235976862,153789492,834,1586,6847,6,20239,20242,20047,20242,4
06:23:46,25525,6264,19156,3184,13302,235976888,153790338,2059,2784,6847,6,20239,20242,20047,20242,4
06:23:47,26443,6856,19482,2285,13301,235976888,153792236,1017,4137,6846,6,20239,20242,20047,20242,4
06:23:48,25618,5626,19888,3107,13378,235997524,153793432,2056,5192,6860,6,20239,20242,20047,20242,4
06:23:49,27172,6428,20641,1576,13415,236009920,153794932,394,7171,6862,6,20239,20242,20047,20242,4
06:23:50,27133,5491,21540,1580,13415,236009920,153796012,394,9058,6862,6,20239,20242,20047,20242,4
06:23:51,27218,4786,22328,1537,13430,236021037,153798196,388,1141,6869,6,20239,20242,20047,20242,4
06:23:53,27047,3704,23240,1536,13429,236021980,153799433,385,1168,6871,6,20239,20242,20047,20242,4
06:23:54,27205,2945,24156,1546,13428,236021980,153801481,388,1234,6868,6,20239,20242,20047,20242,4
06:23:55,27180,2033,25044,1550,13428,236021980,153802395,390,1301,6866,6,40309,20242,40309,20242,4
06:23:56,27167,1782,25284,1559,13428,236022149,153803240,392,1803,6865,6,40691,20242,40691,20242,4
06:23:57,27179,2314,24763,1561,13428,236023213,153804800,393,2443,6864,6,40691,20242,40691,20242,4
06:23:58,27193,4374,22716,1561,13428,236024030,153806039,393,3582,6863,6,40691,20242,40691,20242,4
06:23:59,27160,6850,20208,1565,13428,236024359,153807674,394,4511,6862,6,40691,20242,40691,20242,4
06:24:01,27128,8402,18625,1567,13428,236025478,153809731,395,5450,6862,6,40691,20242,40691,20242,4
06:24:02,27162,11895,15164,1571,13428,236026123,153811416,395,6297,6861,6,40691,20242,40691,20242,4
06:24:03,27081,11884,15094,1575,13428,236026123,153812478,396,7273,6860,6,40691,20242,40691,20242,4
06:24:04,27245,11689,15453,1500,13487,236050536,153818931,323,7866,6933,6,40691,20242,40691,20242,4
06:24:05,27288,11159,16027,1436,13571,236076036,153827643,308,8478,6948,6,40691,20242,40691,20242,4
06:24:06,27319,11692,15525,1433,13572,236077341,153828835,309,8813,6947,6,40691,20242,40691,20242,4
06:24:08,27282,12290,14891,1437,13573,236079624,153830268,310,9127,6946,6,40691,20242,40691,20242,4
06:24:09,27252,12610,14540,1430,13574,236080942,153831176,311,9822,6945,6,40691,20242,40691,20242,4
06:24:10,27324,12749,14473,1398,13572,236082367,153831737,312,10571,6944,6,40691,20242,40691,20244,4
06:24:11,27328,12679,14547,1414,13572,236082762,153832273,313,11361,6943,6,40691,20244,40691,20244,4
06:24:13,27292,13212,13979,1422,13573,236082919,153834005,317,11676,6939,6,40691,20244,40735,20244,4
06:24:14,27292,13236,13955,1439,13572,236083282,153835083,321,11905,6936,6,40691,20244,40735,20244,4
06:24:15,27298,14081,13117,1421,13572,236083283,153835237,321,11784,6935,6,40691,20244,40735,20246,4
06:24:16,27369,13862,13407,1365,13607,236097743,153836245,292,12025,6964,6,40691,20246,40735,20266,4
06:24:17,27365,13070,14196,1352,13610,236101246,153837860,287,12820,6969,6,40691,20266,40735,20270,4
06:24:18,27387,12759,14528,1344,13611,236103294,153839366,290,13537,6967,6,40691,20572,40735,21192,4
06:24:19,27382,13460,13821,1332,13612,236106454,153841591,294,12934,6963,6,40691,25750,40735,27278,4
06:24:20,27368,13920,13349,1329,13612,236108083,153843418,296,12494,6961,6,40691,32004,40735,32004,4
06:24:22,27356,13901,13356,1330,13613,236109619,153844548,300,12344,6960,6,40691,32006,40735,32006,4
06:24:23,27362,13958,13305,1330,13616,236111102,153844882,301,12399,6959,6,40691,32006,40735,32006,4
06:24:24,27388,14503,12787,1322,13620,236113167,153845514,303,11891,6957,6,40691,25690,40735,25690,4
06:24:25,27380,14367,12915,1322,13620,236113635,153846067,304,12195,6956,6,40691,21166,40735,21166,4
06:24:26,27394,15019,12278,1298,13615,236114884,153847252,305,11663,6955,6,40691,21242,40735,24782,4
06:24:27,27418,14863,12458,1272,13635,236121914,153847613,280,11865,6980,6,40691,27350,40735,22568,4
06:24:29,27535,14291,13146,1146,13703,236146096,153847999,208,12548,7052,6,40691,30320,40735,31660,4
06:24:30,27563,13729,13736,1128,13705,236148724,153848418,208,13326,7052,6,40691,32466,40735,29046,4
06:24:31,27544,13770,13676,1110,13707,236153018,153849635,209,13331,7052,6,40691,21902,40735,25042,4
06:24:32,27557,14331,13131,1100,13712,236156023,153850545,209,12666,7051,6,40691,24234,40735,31726,4
06:24:33,27579,14340,13144,1090,13715,236158076,153850968,209,12712,7051,6,40691,32106,40735,32438,4
06:24:34,27577,14385,13096,1085,13718,236159832,153851758,209,12805,7051,6,40691,32478,40735,32472,4
06:24:35,27520,14359,13064,1098,13718,236159957,153854476,210,12735,7051,6,40691,32492,40735,32484,4
06:24:37,27513,14492,12925,1105,13718,236160211,153856506,210,12481,7051,6,40691,29324,40735,27324,4
06:24:38,27531,15184,12250,1108,13718,236160318,153857177,210,11902,7050,6,40691,22816,40735,22816,4
06:24:39,27494,15089,12308,1112,13719,236160812,153857852,211,11764,7050,6,40691,22816,40735,22816,4
06:24:40,27522,14967,12459,1103,13733,236166112,153859307,191,11998,7069,6,40691,22816,40735,22816,4
06:24:41,27558,14274,13186,1067,13758,236177693,153862992,168,12789,7092,6,40691,22816,40735,22816,4
06:24:42,27562,14468,12998,1061,13760,236182571,153865830,175,12582,7085,6,40925,23424,40735,23424,4
06:24:43,27572,14852,12624,1051,13761,236185516,153866763,179,12025,7082,6,40925,23424,40735,23424,4
06:24:45,27567,15073,12398,1050,13761,236186490,153867569,180,11918,7081,6,40925,23424,40735,23424,4
06:24:46,27565,15130,12338,1049,13761,236186979,153868139,180,11936,7080,6,40925,23424,40735,23424,4
06:24:47,27559,14864,12600,1052,13761,236188005,153869849,181,11913,7079,6,40925,23424,40735,23424,4
06:24:49,27521,13978,13449,1076,13759,236188005,153877414,185,11868,7076,6,40925,23424,40735,23424,4
06:24:50,27374,12954,14324,1099,13759,236188005,153882607,189,11929,7072,6,40925,23424,40735,23424,4
06:24:51,27431,12177,15157,1132,13759,236188005,153890728,197,11652,7063,6,40925,23424,40735,23424,4
06:24:52,27221,11783,15341,1318,13759,236188005,153946910,314,977,6947,6,40925,23424,40735,23424,4
06:24:53,26823,11236,15489,1711,13757,236188005,153976485,688,1025,6859,6,42263,23424,42047,23424,4
06:24:54,26568,10905,15565,1947,13757,236188005,153992271,945,1038,6809,6,42263,26240,42047,26240,4
06:24:55,26484,10737,15648,2021,13757,236188005,153993104,967,1049,6809,6,42263,26240,42047,26240,4
06:24:56,26585,10027,16459,1906,13757,236188005,153994470,860,1241,6806,6,42263,26240,42047,26240,4
06:24:57,26594,9147,17349,1916,13757,236188005,153997533,866,1460,6799,6,42263,26240,42047,26240,4
06:24:58,26566,8240,18228,1930,13757,236188005,154001580,874,1695,6792,6,42263,26240,42047,26240,4
06:25:00,26537,7361,19078,1953,13757,236188005,154006875,891,1159,6781,6,42263,26240,42047,26240,4
06:25:01,26529,6473,19958,1967,13756,236188005,154011252,897,1372,6775,6,42263,26240,42047,26240,4
06:25:02,26518,5586,20832,1992,13756,236188005,154015792,905,1596,6768,6,42263,26240,42047,26240,4
06:25:03,26490,4663,21727,2007,13756,236188005,154018595,913,1821,6760,6,42263,26240,42047,26240,4
06:25:04,26468,3760,22609,2022,13756,236188005,154022061,923,2065,6751,6,42263,26240,42047,26240,4
06:25:05,26428,2831,23497,2050,13756,236188005,154025495,932,2293,6742,6,42263,26240,42047,26240,4
06:25:06,26376,1907,24368,2082,13756,236188005,154030459,943,2529,6732,6,42263,26240,42047,26240,4
06:25:07,26371,1015,25255,2090,13756,236188005,154033470,950,2759,6725,6,42263,26240,42047,26240,4
06:25:08,26392,278,26013,2102,13756,236188005,154037406,959,2989,6717,6,42263,26240,42047,26240,4
06:25:09,26427,428,25899,2117,13755,236188120,154041593,967,3226,6709,6,42263,26240,42047,26240,4
06:25:11,26386,393,25893,2171,13755,236188124,154048967,981,1074,6695,6,42263,26240,42047,26240,4
06:25:12,26292,285,26002,2180,13755,236188125,154052333,991,1309,6686,6,42263,26240,42047,26240,4
06:25:13,26347,343,25905,2191,13755,236188132,154055582,1000,1538,6677,6,42263,26240,42047,26240,4
06:25:14,26274,260,26043,2174,13767,236196579,154061715,979,1762,6699,6,42263,26240,42047,26240,4
06:25:15,26453,262,26095,2095,13828,236217756,154066934,989,1933,6689,6,42263,26240,42047,26240,4
06:25:16,26458,323,26039,2100,13828,236217756,154070754,996,2145,6682,6,42263,26240,42047,26240,4
06:25:17,26417,261,26059,2125,13828,236217756,154077703,1003,2360,6675,6,42263,26240,42047,26240,4
06:25:18,26396,312,25988,2135,13828,236217756,154080953,1012,2585,6667,6,42263,26240,42047,26240,4
06:25:19,26387,414,25877,2146,13828,236217756,154084291,1021,2818,6658,6,42263,26240,42047,26240,4
06:25:21,26356,345,25915,2161,13828,236217756,154088099,1031,3048,6649,6,42263,26240,42047,26240,4
06:25:22,26332,321,25915,2185,13828,236217756,154093895,1041,3280,6640,6,42263,26240,42047,26240,4
06:25:23,26333,394,25842,2204,13827,236217756,154099949,1057,1126,6624,6,42263,26240,42047,26240,4
06:25:24,26277,263,25965,2220,13827,236217756,154103661,1067,1352,6615,6,42263,26240,42047,26240,4
06:25:25,26271,244,25931,2224,13827,236217756,154108479,1080,1566,6602,6,42263,26240,42047,26240,4
06:25:26,26268,281,25890,2240,13827,236217756,154113916,1094,1798,6588,6,42263,26240,42047,26240,4
06:25:27,26248,261,25891,2257,13827,236217756,154118546,1104,2019,6579,6,42263,26240,42047,26240,4
06:25:28,26245,239,25909,2269,13827,236217756,154122040,1114,2256,6570,6,42263,26240,42047,26240,4
06:25:29,26229,325,25806,2278,13827,236217756,154125249,1123,2484,6561,6,42263,26240,42047,26240,4
06:25:31,26210,286,25827,2291,13827,236217756,154129063,1131,2713,6553,6,42263,26240,42047,26240,4
06:25:32,26183,252,25836,2309,13827,236217756,154133568,1140,2941,6545,6,42263,26240,42047,26240,4
06:25:33,26144,324,25724,2343,13826,236217756,154138740,1148,3152,6538,6,42263,26240,42047,26240,4
06:25:34,26128,293,25738,2355,13823,236217756,154142543,1156,3383,6530,6,42263,26240,42047,26240,4
06:25:35,26111,312,25734,2374,13823,236217756,154148244,1174,1252,6513,6,42263,26240,42047,26240,4
06:25:36,26089,313,25677,2408,13823,236217756,154151656,1181,1468,6506,6,42263,26240,42047,26240,4
06:25:37,26079,290,25691,2420,13823,236217756,154155016,1189,1705,6499,6,42263,26240,42047,26240,4
06:25:38,26056,261,25697,2438,13823,236217756,154160460,1198,1934,6489,6,42263,26240,42047,26240,4
06:25:39,26047,370,25578,2436,13766,236217756,154165313,1208,2146,6480,6,42263,26240,42047,26240,4
06:25:40,26006,356,25550,2468,13766,236217756,154167497,1215,2373,6474,6,42263,26240,42047,26240,4
06:25:41,26003,419,25485,2470,13766,236217756,154172368,1226,2590,6463,6,42263,26240,42047,26240,4
06:25:43,25965,260,25607,2492,13766,236217756,154178654,1236,2824,6454,6,42263,26240,42047,26240,4
06:25:44,25944,359,25486,2508,13766,236217756,154182953,1247,3046,6443,6,42263,26240,42047,26240,4
06:25:45,25982,241,25642,2480,13779,236226016,154186544,1221,3257,6469,6,42263,26240,42047,26240,4
06:25:46,25993,374,25520,2495,13779,236226825,154192349,1240,1095,6452,6,42263,26240,42047,26240,4
06:25:47,25890,285,25601,2503,13781,236227406,154196841,1250,1312,6442,6,42263,26240,42047,26240,4
06:25:48,25966,240,25627,2512,13782,236228464,154199859,1260,1546,6432,6,42263,26240,42047,26240,4
06:25:49,25901,286,25581,2518,13783,236229763,154202298,1270,1761,6422,6,42263,26240,42047,26240,4
06:25:50,25956,363,25496,2506,13784,236230230,154205287,1283,1984,6410,6,42263,26240,42047,26240,4
06:25:51,25956,329,25530,2522,13785,236230624,154208390,1299,2228,6394,6,42263,26240,42047,26240,4
06:25:52,25937,403,25436,2540,13785,236230697,154211207,1313,2452,6380,6,42263,26240,42047,26240,4
06:25:54,25923,362,25463,2554,13785,236230753,154214466,1328,2687,6366,6,42263,26240,42047,26240,4
06:25:55,25908,347,25464,2568,13785,236230795,154217661,1342,2907,6353,6,42263,26240,42047,26240,4
06:25:56,25869,402,25369,2603,13785,236230826,154222191,1357,3130,6338,6,42263,26240,42047,26240,4
06:25:57,25856,371,25388,2621,13785,236230878,154225372,1373,3341,6322,6,42263,26240,42047,26240,4
06:25:58,25904,398,25409,2621,13785,236230936,154230293,1404,1177,6292,6,42263,26240,42047,26240,4
06:25:59,25865,310,25473,2640,13784,236230943,154233303,1421,1417,6275,6,42263,26240,42047,26240,4
06:26:00,25809,291,25484,2658,13784,236231934,154236689,1440,1644,6256,6,42263,26240,42047,26240,4
06:26:01,25841,221,25553,2657,13784,236234856,154239558,1457,1846,6240,6,42263,26240,42047,26240,4
06:26:02,25889,308,25482,2653,13785,236238821,154243065,1478,2070,6220,6,42263,26240,42047,26240,4
06:26:03,25864,320,25511,2616,13784,236240906,154246627,1494,2286,6204,6,42263,26240,42047,26240,4
06:26:05,25925,267,25560,2619,13785,236241656,154249821,1510,2522,6188,6,42263,26240,42047,26240,4
06:26:06,25915,227,25589,2620,13785,236242975,154254677,1524,2737,6175,6,42263,26240,42047,26240,4
06:26:07,25917,275,25544,2630,13786,236244425,154260220,1540,2961,6159,6,42263,26240,42047,26240,4
06:26:08,25888,229,25560,2648,13782,236244454,154263419,1556,3201,6143,6,42263,26240,42047,26240,4
06:26:09,25897,267,25532,2675,13782,236244456,154267732,1581,1054,6121,6,42263,26240,42047,26240,4
06:26:10,25870,248,25524,2706,13782,236244466,154271499,1596,1288,6105,6,42263,26240,42047,26240,4
06:26:11,25846,387,25359,2725,13782,236244466,154277168,1609,1499,6092,6,42263,26240,42047,26240,4
06:26:12,25819,403,25316,2746,13782,236244466,154283545,1627,1723,6075,6,42263,26240,42047,26240,4
06:26:13,25762,337,25325,2768,13782,236244466,154290134,1645,1961,6057,6,42263,26240,42047,26240,4
06:26:14,25731,420,25212,2786,13782,236244466,154295515,1661,2192,6041,6,42263,26240,42047,26240,4
06:26:16,25870,225,25608,2635,13802,236280134,154299486,1435,2371,6268,6,42263,26240,42047,26240,4
06:26:17,26138,278,25763,2434,13859,236313036,154305245,1334,2522,6369,6,42263,26240,42047,26240,4
06:26:18,26115,260,25758,2448,13860,236313264,154309412,1342,2756,6362,6,42263,26240,42047,26240,4
06:26:19,26108,240,25770,2452,13858,236313271,154311066,1348,2979,6357,6,42263,26240,42047,26240,4
06:26:20,26083,311,25675,2461,13858,236313297,154313253,1355,3199,6350,6,42263,26240,42047,26240,4
06:26:21,26007,387,25520,2563,13858,236313321,154316852,1489,1133,6337,6,42263,26240,42047,26240,4
06:26:23,25041,415,24529,3531,13859,236314248,154317375,2521,2163,6336,6,42263,26240,42047,26240,4
06:26:24,25437,3113,22228,3148,13859,236314938,154323011,2131,2966,6314,6,42263,26240,42047,26240,4
06:26:25,26013,4994,20924,2522,13860,236315663,154328441,1412,3507,6293,6,42123,26240,42047,26240,4
06:26:26,25872,3967,21810,2532,13860,236315663,154329992,1418,3706,6287,6,40297,26240,42047,26240,4
06:26:27,25967,3166,22707,2517,13859,236315663,154331250,1422,3917,6284,6,40297,26240,40315,26240,4
06:26:28,25955,2296,23564,2530,13859,236315663,154334443,1435,1191,6271,6,40297,26240,40315,26240,4
06:26:29,25948,1337,24516,2535,13859,236315663,154335445,1438,1224,6268,6,40297,26240,40315,26240,4
06:26:31,25680,684,24909,2680,13848,236315663,154344179,1449,1393,6258,6,40297,26240,40481,26240,4
06:26:32,25498,277,25148,2727,13848,236315663,154357117,1449,1768,6258,6,40317,26240,40501,26240,8962
06:26:33,25592,350,25169,2727,13850,236316044,154357235,1450,2141,6258,6,40317,26240,40501,26240,8962
06:26:34,25609,378,25156,2728,13850,236316240,154357741,1450,2517,6257,6,40317,26240,40501,26240,8962
06:26:35,25598,248,25276,2729,13851,236316628,154358135,1450,2892,6257,6,40317,26240,40501,26240,9344
06:26:36,25586,250,25262,2732,13852,236316877,154358271,1450,3272,6257,6,40317,26240,40501,26240,9344
06:26:37,25599,270,25254,2730,13852,236317470,154358391,1450,3651,6257,6,40317,26240,40501,26240,9344
06:26:38,25598,288,25235,2731,13852,236317470,154358521,1450,4028,6257,6,40317,26240,40501,26240,9344
06:26:39,25616,815,24727,2720,13854,236318192,154358611,1450,4403,6257,6,40317,26240,40501,26240,9344
06:26:41,25581,1263,24243,2734,13854,236319364,154361582,1450,4780,6257,6,40317,26240,40501,26240,9344
06:26:42,25589,1162,24352,2732,13854,236319778,154361779,1450,5144,6257,6,40317,26240,40501,26240,9344
06:26:43,25575,910,24590,2732,13853,236319778,154361852,1450,5522,6257,6,40317,26240,40501,26240,9344
06:26:44,25573,717,24781,2734,13853,236319778,154362460,1453,1031,6254,6,40317,26760,40501,26880,9344
06:26:45,25460,571,24814,2821,13853,236319778,154390965,1540,1032,6168,6,40317,28776,40501,28776,9344
06:26:46,25309,390,24845,2924,13853,236319778,154426126,1642,1032,6065,6,40317,28776,40501,28776,9344
06:26:47,25218,390,24753,3044,13853,236320150,154465690,1758,1032,5949,6,40317,28776,40501,28776,9344
06:26:48,25019,267,24677,3155,13853,236320799,154502604,1866,1032,5842,6,40317,28776,40501,28776,9344
06:26:49,24942,333,24534,3306,13853,236321113,154537929,1995,1032,5712,6,40317,28776,40501,28776,9344
06:26:50,24783,252,24456,3503,13853,236321113,154572747,2182,1035,5525,6,40317,28776,40501,28776,9344
06:26:52,24629,242,24313,3669,13853,236321113,154616089,2325,1035,5383,6,40317,28776,40501,28776,9344
06:26:53,24507,294,24138,3761,13853,236321190,154638855,2342,1039,5366,6,40317,24566,40501,24566,9344
06:26:54,24515,227,24212,3738,13853,236321190,154641060,2342,1039,5366,6,40317,24566,40501,24566,9344
06:26:55,24545,317,24152,3738,13853,236321318,154641142,2342,1039,5366,6,40317,24566,40501,24566,9344
06:26:56,24524,231,24218,3761,13853,236321318,154642599,2342,1039,5366,6,40317,24566,40501,24566,9344
06:26:57,24526,293,24158,3761,13853,236321368,154642764,2342,1039,5366,6,40317,24566,40501,24566,9344
06:26:58,24524,229,24220,3762,13852,236321368,154642831,2342,1039,5366,6,40317,24566,40501,24566,9344
06:26:59,24503,280,24164,3762,13853,236321453,154642904,2342,1039,5366,6,40317,24566,40501,24566,9344
06:27:00,24521,344,24102,3764,13853,236321453,154643445,2342,1039,5366,6,40317,24566,40501,24566,9344
06:27:01,24528,289,24163,3764,13853,236321453,154643665,2342,1039,5366,6,40317,24566,40501,24566,9344
06:27:02,24521,334,24112,3769,13852,236321453,154644697,2342,1039,5366,6,40317,24566,40501,24566,9344
06:27:04,24503,252,24176,3769,13852,236321453,154644743,2342,1039,5366,6,40317,24566,40501,24566,9344
06:27:05,24510,320,24114,3772,13852,236321453,154645046,2342,1039,5366,6,40317,24566,40501,24566,9344
06:27:06,24500,249,24176,3777,13852,236321453,154645345,2342,1039,5366,6,40317,24566,40501,24566,9344
06:27:07,24492,295,24122,3790,13852,236321579,154645503,2342,1039,5366,6,40317,24566,40501,24566,9344
06:27:08,24503,241,24187,3782,13852,236321579,154645566,2342,1039,5366,6,40317,24566,40501,24566,9344
06:27:09,24493,292,24126,3786,13852,236321628,154645914,2342,1039,5366,6,40317,24566,40501,24566,9344
06:27:10,24491,230,24185,3788,13852,236321628,154648897,2342,1039,5366,6,40317,24566,40501,24566,9344
06:27:11,24482,282,24124,3791,13852,236321658,154649016,2342,1039,5366,6,40317,24566,40501,24566,9344
06:27:12,24486,224,24186,3795,13852,236321658,154649151,2342,1039,5366,6,40317,24566,40501,24566,9344
06:27:13,24514,313,24125,3783,13852,236321658,154649440,2342,1039,5366,6,40317,24566,40501,24566,9344
06:27:14,24513,250,24187,3783,13852,236321658,154649459,2342,1039,5366,6,40317,24566,40501,24566,9344
06:27:16,24499,290,24133,3785,13852,236321659,154649780,2342,1039,5366,6,40317,24566,40501,24566,9344
06:27:17,24499,340,24084,3787,13852,236321659,154650113,2342,1039,5366,6,40317,24566,40501,24566,9344
06:27:18,24492,239,24177,3787,13851,236321659,154650289,2342,1039,5366,6,40317,24566,40501,24566,9344
06:27:19,24503,314,24114,3793,13851,236321659,154651918,2342,1039,5366,6,40317,24566,40501,24566,9344
06:27:20,24500,248,24176,3794,13851,236321659,154651991,2342,1039,5366,6,40317,24566,40501,24566,9344
06:27:21,24484,288,24120,3794,13851,236321659,154652162,2342,1039,5366,6,40317,24566,40501,24566,9344
06:27:22,24489,231,24183,3795,13851,236321659,154652256,2342,1039,5366,6,40317,24566,40501,24566,9344
06:27:23,24495,298,24122,3795,13851,236321669,154652307,2342,1039,5366,6,40317,24566,40501,24566,9344
06:27:24,24498,237,24185,3796,13851,236321669,154652366,2342,1039,5366,6,40317,24566,40501,24566,9344
06:27:25,24473,282,24115,3820,13851,236321669,154652542,2342,1039,5366,6,40317,24566,40501,24566,9344
06:27:27,24470,338,24055,3821,13851,236321669,154652584,2342,1039,5366,6,40317,24566,40501,24566,9344
06:27:28,24457,387,23995,3821,13851,236321669,154652637,2342,1039,5366,6,40317,24566,40501,24566,9344
06:27:29,24463,330,24057,3822,13851,236321669,154652834,2342,1039,5366,6,40317,24566,40501,24566,9344
06:27:30,24472,400,23996,3822,13851,236321671,154653082,2342,1039,5366,6,40317,24566,40501,24566,9344
06:27:31,24463,328,24059,3823,13851,236321671,154653121,2342,1039,5366,6,40317,24566,40501,24566,9344
06:27:32,24462,512,23876,3833,13851,236321671,154653394,2342,1039,5366,6,40317,24566,40501,24566,9344
06:27:33,24475,462,23937,3824,13851,236321671,154653586,2342,1039,5366,6,40317,24566,40501,24566,9344
06:27:34,24461,386,23999,3826,13851,236321671,154653702,2342,1039,5366,6,40317,24566,40501,24566,9344
06:27:35,24459,321,24062,3829,13851,236321671,154653816,2342,1039,5366,6,40317,24566,40501,24566,9344
06:27:36,24464,263,24126,3833,13851,236321671,154653956,2342,1039,5366,6,40317,24566,40501,24566,9344
06:27:37,24466,587,23803,3838,13851,236321671,154654147,2342,1039,5366,6,40317,24566,40501,24566,9344
06:27:39,24441,496,23869,3843,13851,236321671,154654226,2342,1039,5366,6,40317,24566,40501,24566,9344
06:27:40,24442,433,23933,3813,13851,236321671,154654304,2342,1039,5366,6,40317,24566,40501,24566,9344
06:27:41,24437,366,23995,3832,13851,236321671,154654489,2342,1039,5366,6,40317,24566,40501,24566,9344
06:27:42,24442,306,24060,3835,13851,236321671,154654623,2342,1039,5366,6,40317,24566,40501,24566,9344
06:27:43,24441,242,24123,3844,13851,236321671,154657380,2342,1039,5366,6,40317,24566,40501,24566,9344
06:27:44,24444,314,24054,3851,13851,236321671,154658902,2342,1039,5366,6,40317,24566,40501,24566,9344
06:27:45,24432,239,24117,3852,13851,236321671,154659174,2342,1039,5366,6,40317,24566,40501,24566,9344
06:27:46,24437,307,24053,3853,13851,236321671,154659254,2342,1039,5366,6,40317,24566,40501,24566,9344
06:27:47,24426,362,23989,3854,13851,236321671,154659462,2342,1039,5366,6,40317,24566,40501,24566,9344
06:27:48,24433,305,24051,3855,13851,236321671,154659548,2342,1039,5366,6,40317,24566,40501,24566,9344
06:27:50,24429,363,23990,3858,13851,236321672,154659682,2342,1039,5366,6,40317,24566,40501,24566,9344
06:27:51,24406,244,24085,3863,13851,236321672,154660114,2342,1039,5366,6,40317,24566,40501,24566,9344
06:27:52,24414,313,24025,3866,13851,236321672,154660135,2342,1039,5366,6,40317,24566,40501,24566,9344
06:27:53,24409,245,24087,3870,13851,236321672,154660390,2342,1039,5366,6,40317,24566,40501,24566,9344
06:27:54,24409,306,24027,3873,13851,236321672,154660579,2342,1039,5366,6,40317,24566,40501,24566,9344
06:27:55,24417,252,24089,3854,13851,236321672,154660624,2342,1039,5366,6,40317,24566,40501,24566,9344
06:27:56,24437,333,24028,3858,13851,236321672,154660678,2342,1039,5366,6,40317,24566,40501,24566,9344
06:27:57,24436,269,24091,3846,13851,236321672,154660758,2342,1039,5366,6,40317,24566,40501,24566,9344
06:27:58,24442,336,24030,3847,13851,236321672,154660795,2342,1039,5366,6,40317,24566,40501,24566,9344
06:27:59,24437,268,24093,3848,13851,236321672,154660802,2342,1039,5366,6,40317,24566,40501,24566,9344
06:28:00,24451,344,24031,3849,13851,236321672,154661278,2342,1039,5366,6,40317,24566,40501,24566,9344
06:28:02,24436,267,24093,3859,13851,236321672,154661416,2342,1039,5366,6,40317,24566,40501,24566,9344
06:28:03,24441,339,24026,3849,13851,236321672,154661469,2342,1039,5366,6,40317,24566,40501,24566,9344
06:28:04,24431,267,24088,3851,13851,236321672,154661703,2342,1039,5366,6,40317,24566,40501,24566,9344
06:28:05,24431,259,24111,3847,13850,236321674,154661788,2342,1039,5366,6,40317,24566,40501,24566,9344
06:28:06,24439,281,24081,3849,13850,236321674,154662131,2342,1039,5366,6,40317,24566,40501,24566,9344
06:28:07,24446,469,23901,3848,13845,236321674,154662233,2342,1039,5366,6,40317,24566,40501,24566,9344
06:28:08,24415,374,23964,3848,13845,236321674,154662237,2342,1039,5366,6,40317,24566,40501,24566,9344
06:28:09,24427,323,24027,3848,13845,236321674,154662263,2342,1039,5366,6,40317,24566,40501,24566,9344
06:28:10,24436,390,23969,3859,13845,236321674,154662344,2342,1039,5366,6,40317,24566,40501,24566,9344
06:28:11,24421,308,24036,3860,13845,236321674,154662377,2342,1039,5366,6,40317,24566,40501,24566,9344
06:28:12,24428,376,23975,3861,13845,236321674,154662539,2342,1039,5366,6,40317,24566,40501,24566,9344
06:28:14,24434,320,24037,3860,13845,236321674,154662540,2342,1039,5366,6,40317,24566,40501,24566,9344
06:28:15,24434,381,23976,3862,13845,236321674,154662571,2342,1039,5366,6,40317,24566,40501,24566,9344
06:28:16,24433,558,23798,3865,13845,236321674,154662587,2342,1039,5366,6,40317,24566,40501,24566,9344
06:28:17,24438,501,23861,3854,13845,236321674,154662633,2342,1039,5366,6,40317,24566,40501,24566,9344
06:28:18,24409,407,23926,3848,13845,236321674,154662679,2342,1039,5366,6,40317,24566,40501,24566,9344
06:28:19,24421,355,23989,3848,13845,236321674,154662684,2342,1039,5366,6,40317,24566,40501,24566,9344
06:28:20,24443,315,24051,3849,13845,236321674,154663052,2342,1039,5366,6,40317,24566,40501,24566,9344
06:28:21,24447,380,23990,3850,13845,236321674,154663063,2342,1039,5366,6,40317,24566,40501,24566,9344
06:28:22,24439,310,24053,3851,13845,236321674,154663178,2342,1039,5366,6,40317,24566,40501,24566,9344
06:28:23,24436,367,23992,3850,13845,236321674,154663190,2342,1039,5366,6,40317,24566,40501,24566,9344
06:28:25,24437,428,23932,3853,13845,236321674,154663221,2342,1039,5366,6,40317,24566,40501,24566,9344
06:28:26,24427,351,24000,3860,13845,236321674,154663784,2342,1039,5366,6,40317,24566,40501,24566,9344
06:28:27,24437,413,23947,3860,13845,236321678,154663798,2342,1039,5366,6,40317,24566,40501,24566,9344
06:28:28,24387,339,23970,3905,13845,236321678,154664641,2342,1039,5366,6,40317,24566,40501,24566,9344
06:28:29,24385,274,24033,3907,13845,236321678,154665010,2342,1039,5366,6,40317,24566,40501,24566,9344
06:28:30,24372,320,23974,3914,13845,236321678,154665248,2342,1039,5366,6,40317,24566,40501,24566,9344
06:28:31,24280,384,23816,3989,13845,236321678,154665435,2342,1039,5366,6,40317,24566,40501,24566,9344
06:28:32,24303,323,23892,3945,13844,236321678,154668287,2342,1039,5366,6,40317,24566,40501,24566,9344
06:28:33,24292,377,23821,3951,13836,236321678,154669286,2342,1039,5366,6,40317,24566,40501,24566,9344
06:28:34,24295,978,23221,3980,13836,236321678,154669388,2342,1039,5366,6,40317,24566,40501,24566,9344
06:28:35,24268,878,23293,3952,13836,236321678,154669636,2342,1039,5366,6,40317,24566,40501,24566,9344
06:28:37,24339,943,23298,3892,13836,236321678,154669695,2342,1039,5366,6,40317,24566,40501,24566,9344
06:28:38,24320,864,23357,3894,13836,236321678,154670418,2342,1039,5366,6,40317,24566,40501,24566,9344
06:28:39,24325,808,23419,3894,13836,236321678,154670464,2342,1039,5366,6,40317,24566,40501,24566,9344
06:28:40,24362,905,23358,3891,13836,236321678,154670497,2342,1039,5366,6,40317,24566,40501,24566,9344
06:28:41,24331,812,23419,3898,13836,236321678,154670656,2342,1039,5366,6,40317,24566,40501,24566,9344
06:28:42,24342,760,23482,3902,13836,236321678,154670674,2342,1039,5366,6,40317,24566,40501,24566,9344
06:28:43,24334,690,23543,3920,13836,236321678,154670689,2342,1039,5366,6,40317,24566,40501,24566,9344
06:28:44,24355,650,23606,3889,13836,236321678,154670703,2342,1039,5366,6,40317,24566,40501,24566,9344
06:28:45,24351,583,23668,3890,13836,236321678,154670951,2342,1039,5366,6,40317,24566,40501,24566,9344
06:28:46,24321,490,23731,3890,13836,236321678,154670957,2342,1039,5366,6,40317,24566,40501,24566,9344
06:28:48,24314,419,23794,3891,13836,236321678,154671058,2342,1039,5366,6,40317,24566,40501,24566,9344
06:28:49,24343,386,23857,3891,13836,236321678,154671082,2342,1039,5366,6,40317,24566,40501,24566,9344
06:28:50,24362,342,23919,3892,13836,236321678,154671168,2342,1039,5366,6,40317,24566,40501,24566,9344
06:28:51,24367,285,23982,3892,13836,236321678,154671208,2342,1039,5366,6,40317,24566,40501,24566,9344
06:28:52,24377,358,23930,3893,13836,236321678,154671226,2342,1039,5366,6,40317,24566,40501,24566,9344
06:28:53,24371,290,23992,3897,13836,236321678,154671409,2342,1039,5366,6,40317,24566,40501,24566,9344
06:28:54,24378,357,23937,3899,13836,236321678,154671410,2342,1039,5366,6,40317,24566,40501,24566,9344
06:28:55,24361,278,23999,3907,13836,236321678,154671447,2342,1039,5366,6,40317,24566,40501,24566,9344
06:28:56,24358,335,23939,3907,13836,236321679,154671480,2342,1039,5366,6,40317,24566,40501,24566,9344
06:28:57,24371,408,23878,3908,13836,236321679,154671580,2342,1039,5366,6,40317,24566,40501,24566,9344
06:28:58,24356,332,23941,3908,13836,236321679,154671580,2342,1039,5366,6,40317,24566,40501,24566,9344
06:29:00,24373,408,23881,3909,13836,236321679,154671783,2342,1039,5366,6,40317,24566,40501,24566,9344
06:29:01,24354,328,23942,3909,13836,236321679,154672034,2342,1039,5366,6,40317,24566,40501,24566,9344
06:29:02,24362,396,23883,3909,13836,236321679,154672103,2342,1039,5366,6,40317,24566,40501,24566,9344
06:29:03,24346,317,23945,3909,13836,236321679,154672120,2342,1039,5366,6,40317,24566,40501,24566,9344
06:29:04,24366,398,23886,3912,13836,236321679,154672143,2342,1039,5366,6,40317,24566,40501,24566,9344
06:29:05,24362,332,23948,3914,13836,236321679,154672222,2342,1039,5366,6,40317,24566,40501,24566,9344
06:29:06,24371,402,23887,3917,13836,236321679,154672368,2342,1039,5366,6,40317,24566,40501,24566,9344
06:29:07,24355,323,23950,3921,13836,236321679,154672404,2342,1039,5366,6,40317,24566,40501,24566,9344
06:29:08,24373,409,23881,3923,13836,236321679,154672429,2342,1039,5366,6,40317,24566,40501,24566,9344
06:29:09,24329,308,23946,3927,13836,236321679,154672929,2342,1039,5366,6,40317,24566,40501,24566,9344
06:29:10,23933,278,23579,4331,13680,236321679,154684557,2764,1125,5323,6,40319,24566,40501,24566,9344
06:29:12,23861,328,23457,4381,13665,236321679,154687185,2809,1133,5316,6,40319,24566,40501,24566,9344
06:29:13,23851,317,23457,4389,13326,236321679,154687455,2816,1134,5315,6,40319,24566,40501,24566,9344
06:29:14,23852,319,23457,4387,13324,236321679,154687463,2831,1134,5315,6,40319,24566,40501,24566,9344
06:29:15,23853,1351,22425,4440,13323,236321679,154687848,2881,1135,5314,6,40319,24566,40501,24566,9344
06:29:16,23813,1245,22488,4455,13321,236321679,154688016,2897,1141,5313,6,40319,24566,40501,24566,9344
06:29:17,23721,1121,22519,4526,13317,236321679,154688989,2968,1156,5310,6,40319,24566,40501,24566,9344
06:29:18,23694,1227,22438,4546,13313,236321679,154690567,2989,1327,5304,6,40319,24586,40501,24586,9344
06:29:19,23506,1033,22444,4600,13303,236321679,154691799,3034,1505,5300,6,40947,24650,41129,24650,9344
06:29:20,23431,948,22450,4624,13300,236321679,154692229,3057,1508,5299,6,40947,24682,41129,24682,9344
06:29:22,23361,844,22464,4643,13299,236321679,154692344,3079,1512,5298,6,40947,24682,41129,24682,9344
06:29:23,23386,895,22437,4692,13298,236321679,154692475,3160,1512,5298,6,40947,24682,41129,24682,9344
06:29:24,23441,1286,22101,4769,13298,236321679,154692492,3193,1515,5298,6,40947,24682,41129,24682,9344
06:29:25,23395,1196,22146,4774,13298,236321679,154692813,3199,1516,5298,6,40947,24682,41129,24682,9344
06:29:26,23364,1402,21908,4801,13297,236321679,154692905,3222,1515,5298,6,40947,24682,41129,24682,9344
06:29:27,23434,1584,21796,4829,13297,236321679,154692948,3250,1515,5298,6,40947,24682,41129,24682,9344
06:29:28,23314,1703,21557,4865,13297,236321679,154692954,3286,1516,5298,6,40947,24682,41129,24682,9344
06:29:29,23370,1877,21440,4891,13297,236321679,154692990,3312,1516,5298,6,40947,24682,41129,24682,9344
06:29:30,23278,1897,21326,4923,13297,236321679,154693063,3344,1516,5298,6,40947,24682,41129,24682,9344
06:29:32,23282,2013,21216,4946,13297,236321679,154693075,3365,1516,5298,6,40947,24682,41129,24682,9344
06:29:33,23214,2446,20714,5043,13297,236321679,154693086,3463,1514,5298,6,40947,24682,41129,24682,9344
06:29:34,23100,2702,20416,5087,13297,236321679,154693199,3505,1515,5297,6,40947,24762,41129,24682,9344
06:29:35,22893,2916,20133,5103,13296,236321679,154693259,3519,1517,5297,6,40947,24762,41129,24762,9344
06:29:36,22902,2859,20113,5110,13296,236321679,154693293,3523,1517,5297,6,40947,24762,41129,24762,9344
06:29:37,22963,3154,19879,5153,13296,236321679,154693303,3563,1517,5297,6,40947,24762,41129,24762,9344
06:29:38,22977,3401,19644,5156,13296,236321679,154693335,3563,1517,5297,6,40947,24762,41129,24762,9344
06:29:39,22915,3459,19524,5137,13296,236321679,154695917,3563,1517,5297,6,40947,24762,41129,24762,9344
06:29:40,22813,3612,19267,5301,13296,236321679,154699924,3607,1515,5297,6,40947,24762,41129,24762,9344
06:29:41,22564,3509,19121,5543,13296,236321679,154703075,3843,1546,5285,6,40947,24774,41129,24774,9344
06:29:43,22433,3483,19015,5641,13296,236321679,154703182,3927,1552,5285,6,40947,25030,41129,24774,9344
06:29:44,22399,3817,18648,5694,13296,236321679,154703212,3997,1553,5285,6,40947,25030,41129,25030,9344
06:29:45,22264,3666,18663,5723,13296,236321679,154703220,4014,1553,5285,6,40947,25030,41129,25030,9344
06:29:46,22252,3641,18675,5725,13296,236321679,154703226,4034,1553,5285,6,40947,25030,41129,25030,9344
06:29:47,22194,3682,18576,5765,13295,236321679,154703248,4082,1553,5285,6,40947,25030,41129,25030,9344
06:29:48,22218,3699,18582,5766,13295,236321679,154703300,4094,1553,5285,6,40947,25030,41129,25030,9344
06:29:49,22138,3606,18596,5794,13295,236321679,154703322,4117,1553,5285,6,40947,25030,41129,25030,9344
06:29:50,22099,3555,18607,5904,13295,236321679,154703394,4132,1553,5285,6,40947,25030,41129,25030,9344
06:29:51,22209,3884,18388,5893,13292,236321679,154703397,4179,1554,5285,6,40947,25030,41129,25030,9344
06:29:53,22082,3754,18390,5865,13289,236321679,154703422,4179,1554,5285,6,40947,25030,41129,25030,9344
06:29:54,22025,3695,18393,5890,13289,236321679,154703510,4180,1554,5285,6,40947,25030,41129,25030,9344
06:29:55,22081,3748,18395,5871,13289,236321679,154703513,4184,1554,5285,6,40947,25030,41129,25030,9344
06:29:56,22098,3764,18397,5880,13289,236321679,154703563,4207,1554,5285,6,40947,25030,41129,25030,9344
06:29:57,22045,3707,18400,5956,13289,236321679,154703569,4236,1554,5285,6,40947,25030,41129,25030,9344
06:29:58,21525,3186,18401,6480,13289,236321679,154703581,4245,1552,5285,6,40947,25030,41129,25030,9344
06:29:59,21430,3216,18276,6594,13289,236321679,154703601,4245,1551,5285,6,40947,25030,41129,25030,9344
06:30:00,21423,3207,18279,6597,13289,236321679,154703864,4245,1551,5285,6,40947,25030,41129,25030,9344
06:30:01,21426,3210,18279,6597,13289,236321679,154703874,4246,1551,5285,6,40947,25030,41129,25030,9344
06:30:02,21522,3423,18162,6603,13289,236321679,154703939,4250,1552,5285,6,40947,25030,41129,25030,9344
06:30:04,21151,3151,18062,6874,13283,236321679,154706990,4502,1586,5274,6,40959,25030,41141,25030,9344
06:30:05,21002,2998,18065,6924,13283,236321679,154707138,4521,1590,5273,6,40961,25030,41143,25030,9344
06:30:06,20961,2953,18069,6937,13281,236321679,154707237,4591,1596,5273,6,40961,25030,41143,25030,9344
06:30:07,21194,3183,18071,6674,13281,236321679,154707626,4606,1597,5273,6,40961,25030,41143,25030,9344
06:30:08,21293,3508,17849,6330,13281,236321679,154707679,4624,1597,5273,6,40961,28704,41143,28704,9344
06:30:09,21337,3546,17855,6330,13281,236321679,154707712,4638,1598,5273,6,40961,28704,41143,28704,9344
06:30:10,20999,3205,17858,6822,13281,236321679,154707810,4651,1598,5273,6,40961,28704,41143,28704,9344
06:30:11,20828,3031,17860,7016,13280,236321679,154708779,4681,1598,5270,6,40961,28704,41143,28704,9344
06:30:12,20819,3023,17859,6990,13280,236321679,154708793,4691,1598,5270,6,40963,28704,41145,28704,9344
06:30:14,20746,2948,17862,6998,13280,236321679,154708795,4698,1598,5270,6,40963,28704,41145,28704,9344
06:30:15,20742,2934,17871,7036,13280,236321679,154708820,4708,1598,5270,6,40963,28704,41145,28704,9344
06:30:16,20716,2885,17895,7011,13280,236321679,154708968,4709,1598,5270,6,40963,28704,41145,28704,9344
06:30:17,20728,2861,17931,7018,13280,236321679,154709143,4713,1598,5270,6,40963,28704,41145,28704,9344
06:30:18,20778,2907,17934,7023,13280,236321679,154709211,4715,1598,5270,6,40963,28704,41145,28704,9344
06:30:19,20785,2913,17935,7065,13280,236321679,154709221,4754,1598,5270,6,40963,28704,41145,28704,9344
06:30:20,21172,3296,17939,6477,13280,236321679,154709258,4774,1598,5270,6,40963,28706,41145,28706,9344
06:30:21,20756,2878,17941,7055,13280,236321679,154709267,4775,1598,5270,6,40963,28706,41145,28706,9344
06:30:22,20620,2739,17944,7236,13280,236321679,154709270,4788,1598,5270,6,40963,28706,41145,28706,9344
06:30:23,20192,2312,17944,7754,13280,236321679,154709270,4788,1598,5270,6,40963,28706,41145,28706,9344
06:30:25,20589,2708,17944,7073,13279,236321679,154709318,4788,1598,5270,6,41743,28706,41925,28706,9344
06:30:26,20599,2716,17946,7110,13279,236321679,154710409,4795,1598,5270,6,41743,28706,41925,28706,9344
06:30:27,20515,2629,17949,7263,13279,236321679,154710410,4812,1598,5270,6,41743,28706,41925,28706,9344
06:30:28,20025,2137,17951,7810,13279,236321679,154710451,4812,1598,5270,6,41743,28706,41925,28706,9344
06:30:29,20021,2133,17951,7811,13279,236321679,154710457,4812,1598,5270,6,41743,28706,41925,28706,9344
06:30:30,20040,2152,17951,7815,13279,236321679,154710509,4812,1598,5270,6,41743,28706,41925,28706,9344
06:30:31,20513,2624,17954,7139,13279,236321679,154710517,4818,1598,5270,6,41743,28706,41925,28706,9344
06:30:32,21076,3184,17958,6453,13279,236321679,154710548,4818,1598,5270,6,41743,28706,41925,28706,9344
06:30:33,21023,3122,17965,6902,13279,236321679,154710778,4833,1598,5270,6,41743,28706,41925,28706,9344
06:30:35,20598,2695,17966,7359,13279,236321679,154710802,4833,1598,5270,6,41743,28706,41925,28706,9344
06:30:36,20639,2734,17967,7149,13279,236321679,154710823,4833,1598,5270,6,41743,28706,41925,28706,9344
06:30:37,20481,2571,17972,7377,13279,236321679,154710866,4836,1598,5270,6,41743,28706,41925,28706,9344
06:30:38,21059,3148,17973,6694,13279,236321679,154710866,4836,1598,5270,6,41743,28706,41925,28706,9344
06:30:39,20986,3070,17977,6694,13279,236321679,154710890,4838,1598,5270,6,41743,28706,41925,28706,9344
06:30:40,21112,3193,17981,6713,13279,236321679,154711055,4841,1598,5270,6,41743,28706,41925,28706,9344
06:30:41,21137,3215,17983,6714,13279,236321679,154711076,4846,1598,5270,6,41743,28706,41925,28706,9344
06:30:42,21207,3284,17985,6504,13279,236321679,154711086,4846,1598,5270,6,41743,28706,41925,28706,9344
06:30:43,21134,3206,17990,6695,13279,236321679,154711102,4851,1598,5270,6,41743,28706,41925,28706,9344
06:30:44,21341,3410,17992,6513,13279,236321679,154711110,4853,1598,5270,6,41745,28706,41927,28706,9344
06:30:46,21284,3349,17996,6521,13279,236321679,154711393,4859,1598,5270,6,41745,28706,41927,28706,9344
06:30:47,21184,3245,18001,6561,13279,236321679,154711504,4865,1598,5270,6,41745,28706,41927,28706,9344
06:30:48,21239,3296,18005,6540,13279,236321679,154711507,4870,1598,5270,6,41745,28706,41927,28706,9344
06:30:49,21251,3304,18009,6524,13279,236321679,154711531,4876,1598,5270,6,41745,28706,41927,28706,9344
06:30:50,21224,3272,18013,6541,13279,236321679,154711571,4890,1598,5270,6,41745,28706,41927,28706,9344
06:30:51,21206,3249,18018,6560,13279,236321679,154711610,4898,1598,5270,6,41745,28706,41927,28706,9344
06:30:52,21237,3277,18022,6579,13279,236321679,154711619,4931,1598,5270,6,41745,28706,41927,28706,9344
06:30:53,21159,3192,18028,6724,13279,236321679,154711758,4967,1598,5270,6,41745,28706,41927,28706,9344
06:30:54,21003,3034,18030,6938,13279,236321679,154711769,4982,1598,5270,6,41745,28706,41927,28706,9344
06:30:56,20949,2977,18033,6682,13279,236321679,154711779,5016,1598,5270,6,41745,28708,41927,28708,9344
06:30:57,20647,2668,18039,7024,13279,236321679,154711779,5040,1598,5270,6,41745,28708,41927,28708,9344
06:30:58,20672,2692,18041,7042,13279,236321679,154711786,5049,1598,5270,6,41745,28708,41927,28708,9344
06:30:59,20724,2740,18045,6738,13279,236321679,154711786,5060,1598,5270,6,41745,28708,41927,28708,9344
06:31:00,20460,2472,18048,7052,13279,236321679,154711996,5073,1598,5270,6,41745,28708,41927,28708,9344
06:31:01,20456,2466,18051,7074,13279,236321679,154712005,5090,1598,5270,6,41745,28708,41927,28708,9344
06:31:02,20587,2593,18055,6813,13279,236321679,154712015,5099,1598,5270,6,41745,28708,41927,28708,9344
06:31:03,20360,2363,18058,7125,13279,236321679,154712026,5106,1598,5270,6,41745,28708,41927,28708,9344
06:31:04,20525,2523,18063,6879,13279,236321679,154712048,5107,1598,5270,6,41745,28708,41927,28708,9344
06:31:05,20570,2564,18066,6802,13279,236321679,154712062,5114,1598,5270,6,41745,28708,41927,28708,9344
06:31:07,20653,2643,18070,6850,13279,236321679,154712081,5115,1598,5270,6,41745,28708,41927,28708,9344
06:31:08,20766,2748,18079,6848,13279,236321679,154712799,5130,1598,5270,6,41745,28708,41927,28708,9344
06:31:09,20872,2850,18082,6820,13279,236321679,154712851,5153,1599,5270,6,41745,28708,41927,28708,9344
06:31:10,20897,2871,18086,6860,13279,236321679,154712907,5184,1599,5270,6,41745,28708,41929,28708,9344
06:31:11,20739,2710,18089,7083,13279,236321679,154712950,5223,1599,5270,6,41747,28708,41929,28708,9344
06:31:12,20619,2589,18090,7257,13279,236321679,154712970,5236,1599,5270,6,41747,28708,41929,28708,9344
06:31:13,20567,2533,18094,7151,13279,236321679,154712970,5263,1599,5270,6,41747,28710,41929,28710,9344
06:31:14,20511,2476,18095,7114,13279,236321679,154712978,5274,1599,5270,6,41747,28710,41931,28710,9344
06:31:15,20565,2528,18097,6966,13279,236321679,154712999,5280,1599,5270,6,41749,28710,41931,28710,9344
06:31:17,20592,2555,18097,6983,13279,236321679,154713014,5301,1599,5270,6,41749,28710,41931,28710,9344
06:31:18,20621,2584,18097,6987,13279,236321679,154713027,5317,1599,5270,6,41749,28710,41931,28710,9344
06:31:19,20638,2596,18101,7016,13279,236321679,154713036,5346,1599,5270,6,41749,28710,41931,28710,9344
06:31:20,20656,2613,18104,7020,13279,236321679,154713055,5349,1599,5270,6,41749,28710,41931,28710,9344
06:31:21,20678,2628,18109,7048,13279,236321679,154713089,5383,1599,5270,6,41749,28710,41931,28710,9344
06:31:22,20416,2362,18113,7383,13279,236321679,154713105,5383,1599,5270,6,41749,28710,41931,28710,9344
06:31:23,19866,1810,18115,8052,13279,236321679,154713107,5407,1599,5270,6,41749,28710,41931,28710,9344
06:31:24,19441,1384,18117,8509,13279,236321679,154713108,5421,1599,5270,6,41749,28710,41931,28710,9344
06:31:25,19084,1027,18117,8878,13279,236321679,154713109,5421,1599,5270,6,41749,28710,41931,28710,9344
06:31:27,19092,1035,18117,8887,13279,236321679,154713117,5421,1599,5270,6,41749,28710,41931,28710,9344
06:31:28,19842,1781,18120,7590,13279,236321679,154713118,5421,1599,5270,6,41749,28710,41931,28710,9344
06:31:29,20142,2080,18121,7104,13279,236321679,154713120,5421,1599,5270,6,41749,28710,41931,28710,9344
06:31:30,20218,2154,18123,7107,13279,236321679,154713164,5421,1599,5270,6,41749,28710,41931,28710,9344
06:31:31,20172,2103,18128,7280,13279,236321679,154713169,5421,1599,5270,6,41749,28710,41931,28710,9344
06:31:32,19878,1807,18132,7777,13279,236321679,154713187,5421,1599,5270,6,41749,28710,41931,28710,9344
06:31:33,20125,2052,18132,7095,13279,236321679,154713191,5421,1599,5270,6,41749,28710,41931,28710,9344
06:31:34,20187,2113,18132,7094,13279,236321679,154713199,5421,1599,5270,6,41749,28710,41931,28710,9344
06:31:35,20230,2157,18132,7094,13279,236321679,154713209,5421,1599,5270,6,41749,28710,41931,28710,9344
06:31:36,20269,2196,18132,7111,13279,236321679,154713210,5441,1599,5270,6,41749,28710,41931,28710,9344
06:31:38,20302,2227,18134,7124,13279,236321679,154713212,5450,1599,5270,6,41749,28710,41931,28710,9344
06:31:39,20362,2284,18136,7134,13279,236321679,154713216,5464,1599,5270,6,41749,28710,41931,28710,9344
06:31:40,20434,2349,18143,7182,13279,236321679,154713221,5481,1599,5270,6,41749,28710,41931,28710,9344
06:31:41,20154,2068,18144,7590,13279,236321679,154713249,5501,1599,5270,6,41749,28710,41931,28710,9344
06:31:42,19654,1568,18144,8070,13279,236321679,154713263,5501,1599,5270,6,41749,28710,41931,28710,9344
06:31:43,19647,1559,18146,8176,13279,236321679,154713265,5534,1599,5270,6,41749,28710,41931,28710,9344
06:31:44,19272,1181,18148,8567,13279,236321679,154713270,5539,1599,5270,6,41749,28710,41931,28710,9344
06:31:45,18818,726,18150,8814,13279,236321679,154713276,5539,1599,5270,6,41749,28710,41931,28710,9344
06:31:46,19380,1287,18150,8112,13279,236321679,154713286,5539,1599,5270,6,41749,28712,41931,28710,9344
06:31:48,19407,1305,18159,8123,13279,236321679,154713311,5539,1599,5270,6,41749,28712,41931,28710,9344
06:31:49,19833,1727,18163,7737,13279,236321679,154713315,5539,1599,5270,6,41749,28712,41931,28710,9344
06:31:50,19886,1776,18168,7538,13278,236321679,154713318,5539,1599,5270,6,41749,28712,41931,28712,9344
06:31:51,20019,1907,18170,7383,13278,236321679,154713322,5539,1599,5270,6,41751,28712,41931,28712,9344
06:31:52,19986,1871,18172,7373,13278,236321679,154713335,5539,1599,5270,6,41751,28712,41931,28712,9344
06:31:53,20034,1905,18187,7403,13277,236321679,154719401,5539,1599,5270,6,41751,28712,41933,28712,9344
06:31:54,20031,1901,18188,7461,13268,236321679,154733172,5545,1599,5270,6,41751,28712,41933,28712,9344
06:31:55,20115,1984,18188,7308,13268,236321679,154733181,5551,1599,5270,6,41751,28712,41933,28712,9344
06:31:56,20155,2020,18192,7315,13268,236321679,154733181,5558,1599,5270,6,41751,28712,41933,28712,9344
06:31:58,20188,2050,18195,7317,13268,236321679,154733186,5560,1599,5270,6,41751,28712,41933,28712,9344
06:31:59,20172,2031,18199,7460,13268,236321679,154733194,5602,1599,5270,6,41751,28712,41933,28712,9344
06:32:00,19669,1528,18199,8091,13268,236321679,154733217,5607,1599,5270,6,41751,28712,41933,28712,9344
06:32:01,19447,1302,18203,8338,13268,236321679,154733221,5627,1599,5270,6,41751,28712,41933,28712,9344
06:32:02,19216,1070,18203,8619,13268,236321679,154733230,5627,1599,5270,6,41751,28712,41933,28712,9344
06:32:03,19318,1170,18205,8367,13268,236321679,154733240,5645,1599,5270,6,41751,28712,41933,28712,9344
06:32:04,19034,885,18206,8689,13268,236321679,154733259,5645,1599,5270,6,41751,28712,41933,28712,9344
06:32:05,19235,1084,18208,8297,13268,236321679,154733268,5645,1599,5270,6,41751,28714,41933,28712,9344
06:32:06,19549,1396,18210,7900,13268,236321679,154733901,5645,1599,5270,6,41751,28714,41933,28712,9344
06:32:07,19604,1447,18213,7892,13268,236321679,154733905,5645,1599,5270,6,41751,28714,41933,28712,9344
06:32:09,19491,1334,18214,8033,13268,236321679,154733907,5645,1599,5270,6,41751,28714,41933,28712,9344
06:32:10,19843,1681,18218,7440,13268,236321679,154733916,5645,1599,5270,6,41751,28714,41933,28714,9344
06:32:11,19750,1585,18222,7795,13268,236321679,154733917,5645,1599,5270,6,41751,28714,41933,28714,9344
06:32:12,19828,1661,18223,7410,13268,236321679,154735256,5645,1599,5270,6,41751,28714,41933,28714,9344
06:32:13,19800,1629,18227,7549,13268,236321679,154735265,5645,1599,5270,6,41751,28714,41933,28714,9344
06:32:14,19793,1620,18230,7732,13268,236321679,154735267,5653,1599,5270,6,41751,28714,41933,28714,9344
06:32:15,19865,1689,18232,7580,13268,236321679,154735273,5654,1599,5270,6,41751,28714,41933,28714,9344
06:32:16,19813,1633,18236,7749,13268,236321679,154735276,5669,1599,5270,6,41751,28714,41933,28714,9344
06:32:17,19762,1579,18238,7433,13268,236321679,154735288,5669,1599,5270,6,41751,28714,41933,28714,9344
06:32:19,19802,1617,18241,7468,13268,236321679,154735307,5669,1599,5270,6,41751,28714,41933,28714,9344
06:32:20,19805,1617,18244,7606,13268,236321679,154735310,5679,1599,5270,6,41751,28714,41933,28714,9344
06:32:21,19890,1699,18246,7621,13268,236321679,154735311,5687,1599,5270,6,41751,28714,41933,28714,9344
06:32:22,19853,1658,18251,7628,13268,236321679,154735329,5710,1599,5270,6,41751,28714,41933,28714,9344
06:32:23,19917,1719,18253,7651,13268,236321679,154735330,5710,1599,5270,6,41751,28714,41933,28714,9344
06:32:24,20025,1823,18257,7591,13267,236321679,154735373,5714,1599,5270,6,41751,28716,41933,28714,9344
06:32:25,20002,1797,18260,7549,13267,236321679,154735375,5714,1599,5270,6,41753,28716,41933,28714,9344
06:32:26,19939,1728,18265,7658,13267,236321679,154735426,5731,1599,5270,6,41753,28716,41933,28714,9344
06:32:27,19986,1772,18269,7696,13267,236321679,154735432,5734,1599,5270,6,41753,28716,41935,28714,9344
06:32:29,19994,1777,18272,7592,13267,236321679,154735432,5742,1599,5270,6,41753,28716,41935,28716,9344
06:32:30,19906,1683,18277,7691,13267,236321679,154735445,5754,1599,5270,6,41753,28716,41935,28716,9344
06:32:31,19941,1715,18280,7555,13267,236321679,154735450,5756,1599,5270,6,41753,28716,41935,28716,9344
06:32:32,19936,1705,18287,7631,13267,236321679,154735458,5780,1599,5270,6,41753,28716,41935,28716,9344
06:32:33,20018,1781,18293,7630,13267,236321679,154735462,5798,1599,5270,6,41753,28716,41935,28716,9344
06:32:34,19919,1679,18296,7844,13267,236321679,154735472,5812,1599,5270,6,41753,28716,41935,28716,9344
06:32:35,20042,1797,18299,7642,13267,236321679,154735503,5840,1599,5270,6,41753,28716,41935,28716,9344
06:32:36,19910,1659,18304,7868,13267,236321679,154735512,5868,1599,5270,6,41753,28716,41935,28716,9344
06:32:37,19639,1385,18306,8006,13267,236321679,154735512,5882,1599,5270,6,41753,28716,41935,28716,9344
06:32:38,19743,1486,18310,7828,13267,236321679,154735528,5884,1599,5270,6,41753,28716,41935,28716,9344
06:32:40,19723,1462,18313,7838,13267,236321679,154735530,5899,1599,5270,6,41753,28716,41935,28716,9344
06:32:41,19569,1301,18320,7949,13267,236321679,154735545,5937,1599,5270,6,41753,28716,41935,28716,9344
06:32:42,19489,1221,18320,8076,13267,236321679,154735578,5937,1599,5270,6,41753,28716,41935,28716,9344
06:32:43,19482,1209,18325,7966,13267,236321679,154735601,5946,1599,5270,6,41753,28718,41935,28716,9344
06:32:44,19535,1259,18328,7926,13267,236321679,154735619,5946,1599,5270,6,41753,28718,41935,28716,9344
06:32:45,19459,1178,18333,8134,13267,236321679,154735629,5965,1599,5270,6,41753,28718,41935,28716,9344
06:32:46,19509,1226,18335,8120,13267,236321679,154735630,5968,1599,5270,6,41755,28718,41935,28716,9344
06:32:47,19772,1483,18340,7775,13267,236321679,154735644,5969,1599,5270,6,41755,28718,41935,28718,9344
06:32:48,19817,1523,18345,7789,13267,236321679,154735670,5986,1599,5270,6,41755,28718,41937,28718,9344
06:32:50,19672,1375,18348,7939,13267,236321679,154735712,5997,1599,5270,6,41755,28718,41937,28718,9344
06:32:51,19566,1264,18353,8013,13267,236321679,154735718,6011,1599,5270,6,41755,28718,41937,28718,9344
06:32:52,19664,1359,18356,7854,13267,236321679,154735721,6027,1599,5270,6,41755,28718,41937,28718,9344
06:32:53,19629,1318,18361,8005,13267,236321679,154735727,6039,1599,5270,6,41755,28718,41937,28718,9344
06:32:54,19589,1275,18364,8088,13267,236321679,154735796,6062,1599,5270,6,41755,28718,41937,28718,9344
06:32:55,19589,1271,18368,8072,13267,236321679,154735798,6075,1599,5270,6,41755,28718,41937,28718,9344
06:32:56,19598,1277,18372,8081,13267,236321679,154735798,6085,1599,5270,6,41755,28718,41937,28718,9344
06:32:57,19624,1298,18376,8089,13267,236321679,154736699,6098,1599,5270,6,41755,28718,41937,28718,9344
06:32:58,19603,1275,18378,8058,13267,236321679,154736699,6112,1599,5270,6,41755,28718,41937,28718,9344
06:33:00,19511,1178,18383,8257,13267,236321679,154736699,6132,1599,5270,6,41755,28718,41937,28718,9344
06:33:01,19285,950,18385,8447,13267,236321679,154736708,6139,1599,5270,6,41755,28718,41937,28718,9344
06:33:02,19482,1143,18388,7951,13267,236321679,154736718,6140,1599,5270,6,41755,28720,41937,28718,9344
06:33:03,19520,1176,18393,8048,13267,236321679,154736722,6156,1599,5270,6,41755,28720,41937,28718,9344
06:33:04,19409,1062,18396,8298,13267,236321679,154736733,6161,1599,5270,6,41755,28720,41937,28718,9344
06:33:05,19572,1222,18399,7947,13262,236321679,154736769,6163,1599,5270,6,41755,28720,41937,28720,9344
06:33:06,19548,1194,18403,8074,13262,236321679,154736777,6171,1599,5270,6,41755,28720,41937,28720,9344
06:33:07,19638,1280,18408,8024,13261,236321679,154739359,6192,1599,5270,6,41755,28720,41937,28720,9344
06:33:08,19517,1154,18412,8152,13261,236321679,154739359,6210,1599,5270,6,41755,28720,41937,28720,9344
06:33:09,19546,1179,18416,8320,13261,236321679,154739361,6241,1599,5270,6,41755,28720,41937,28720,9344
06:33:11,19316,947,18418,8486,13261,236321679,154739366,6261,1599,5270,6,41755,28720,41937,28720,9344
06:33:12,19217,841,18424,8470,13261,236321679,154739374,6278,1599,5270,6,41755,28720,41937,28720,9344
06:33:13,19246,868,18426,8408,13261,236321679,154739379,6288,1599,5270,6,41757,28720,41937,28720,9344
06:33:14,19215,836,18428,8504,13261,236321679,154739379,6310,1599,5270,6,41757,28720,41937,28720,9344
06:33:15,19639,1381,18308,8255,13261,236321679,154739389,6342,1600,5270,6,41757,28720,41939,28720,9344
06:33:16,19177,919,18309,8818,13261,236321679,154739397,6344,1600,5270,6,41757,28720,41939,28720,9344
06:33:17,19074,811,18314,8908,13261,236321679,154739401,6365,1600,5270,6,41757,28720,41939,28720,9344
06:33:18,18983,719,18314,8849,13261,236321679,154739409,6385,1600,5270,6,41757,28720,41939,28720,9344
06:33:19,19051,783,18319,8576,13261,236321679,154739411,6402,1600,5270,6,41757,28722,41939,28720,9344
06:33:21,19013,741,18323,8580,13261,236321679,154739414,6414,1600,5270,6,41757,28722,41939,28720,9344
06:33:22,18728,451,18327,8951,13261,236321679,154739419,6429,1600,5270,6,41757,28722,41939,28720,9344
06:33:23,18471,442,18083,9242,13261,236321679,154739419,6429,1600,5270,6,41757,28722,41939,28720,9344
06:33:24,18893,985,17963,8802,13261,236321679,154739419,6438,1600,5270,6,41757,28722,41939,28722,9344
06:33:25,18800,891,17964,8913,13261,236321679,154739428,6438,1600,5270,6,41757,28722,41939,28722,9344
06:33:26,18872,954,17973,8635,13261,236321679,154739556,6453,1600,5270,6,41757,28722,41939,28722,9344
06:33:27,18867,947,17975,8581,13261,236321679,154739557,6453,1600,5270,6,41757,28722,41939,28722,9344
06:33:28,18853,928,17981,8724,13261,236321679,154739557,6465,1600,5270,6,41757,28722,41939,28722,9344
06:33:29,18563,635,17983,8958,13261,236321679,154739557,6465,1600,5270,6,41757,28722,41939,28722,9344
06:33:31,18636,706,17985,8709,13261,236321679,154739569,6465,1600,5270,6,41757,28722,41939,28722,9344
06:33:32,18654,722,17990,8605,13261,236321679,154739582,6465,1600,5269,6,41757,28722,41939,28722,9344
06:33:33,18896,956,17997,8430,13261,236321679,154739585,6479,1600,5269,6,41757,28724,41939,28722,9344
06:33:34,18792,848,18001,8691,13261,236321679,154739594,6480,1600,5269,6,41757,28724,41939,28722,9344
06:33:35,18891,946,18002,8644,13261,236321679,154739602,6480,1600,5269,6,41753,28724,41939,28722,9344
06:33:36,18948,1000,18005,8641,13261,236321679,154739612,6480,1600,5269,6,41753,28724,41939,28722,9344
06:33:37,19356,1404,18008,8251,13260,236321679,154739648,6480,1600,5269,6,41753,28724,41935,28724,9344
06:33:38,18995,959,18091,8718,13259,236321679,154740194,6824,1649,5268,6,41753,28724,41935,28724,9344
06:33:39,18901,851,18104,8622,13258,236321679,154740271,6850,1656,5267,6,41753,28724,41935,28724,9344
06:33:40,18851,798,18107,8727,13258,236321679,154740281,6850,1656,5267,6,41753,28724,41935,28724,9344
06:33:42,18823,764,18109,8690,13258,236321679,154740425,6850,1656,5267,6,41733,28724,41915,28724,9344
06:33:43,18899,838,18112,8731,13258,236321679,154740432,6854,1656,5267,6,41733,28724,41915,28724,9344
06:33:44,19056,975,18132,8658,13200,236321679,154740558,6920,1664,5267,6,41733,28584,41915,28724,9344
06:33:45,19059,977,18133,8658,13200,236321679,154740560,6920,1664,5267,6,41733,28584,41915,28724,9344
06:33:46,19071,987,18134,8659,13200,236321679,154740568,6920,1664,5267,6,41733,28584,41915,28724,9344
06:33:47,19101,1016,18136,8677,13200,236321679,154740641,6982,1672,5266,6,41733,28824,41915,28584,9344
06:33:48,19031,922,18160,8819,13200,236321679,154741271,7073,1706,5265,6,41733,28834,41915,28834,9344
06:33:49,18989,879,18161,8834,13200,236321679,154741544,7084,1707,5264,6,41733,28834,41915,28834,9344
06:33:50,18991,881,18161,8837,13200,236321679,154741717,7085,1709,5263,6,41733,28834,41915,28834,9344
06:33:51,19009,898,18162,8831,13200,236321679,154741778,7101,1709,5263,6,41733,29442,41915,29442,9344
06:33:53,19024,906,18168,8857,13200,236321679,154741779,7105,1709,5263,6,41733,29442,41915,29442,9344
06:33:54,19051,929,18172,8840,13200,236321679,154741862,7108,1709,5263,6,41733,29442,41915,29442,9344
06:33:55,19063,936,18175,8846,13200,236321679,154741873,7114,1709,5263,6,41733,29442,41915,29442,9344
06:33:56,19016,839,18226,8940,13200,236321679,154741881,7194,1709,5263,6,41733,29442,41915,29442,9344
06:33:57,18971,787,18234,8948,13200,236321679,154742169,7212,1795,5262,6,41733,29458,41915,29458,9344
06:33:58,18620,400,18272,9217,13200,236321679,154742486,7461,1814,5261,6,41733,29464,41915,29464,9344
06:33:59,18583,362,18274,9210,13200,236321679,154742491,7464,1814,5261,6,41733,29464,41915,29464,9344
06:34:00,18603,381,18274,9210,13200,236321679,154742494,7464,1814,5261,6,41733,28848,41915,28848,9344
06:34:01,18601,379,18274,9212,13199,236321679,154743272,7468,1814,5258,6,41733,28334,41915,28334,9344
06:34:02,18608,317,18344,9274,13189,236321679,154749550,7530,1849,5238,6,43891,30980,44073,30980,9344
06:34:04,18531,354,18231,9433,13187,236321679,154750201,7638,1858,5236,6,43895,30980,44077,30980,9344
06:34:05,18334,405,17988,9637,13185,236321679,154750527,7836,1867,5235,6,43897,30980,44079,30980,9344
06:34:06,18306,366,17998,9610,13185,236321679,154750573,7847,1871,5235,6,43897,30980,44079,30980,9344
06:34:07,18319,370,18008,9620,13185,236321679,154750612,7865,1875,5235,6,43897,30980,44079,30980,9344
06:34:08,18320,369,18010,9649,13184,236321679,154750800,7881,1876,5234,6,43935,30980,44117,30980,9344
06:34:09,18333,380,18011,9663,13184,236321679,154751298,7889,1877,5232,6,43935,31050,44117,31050,9344
06:34:10,18324,366,18022,9661,13183,236321679,154752741,7904,1884,5231,6,43941,31050,44123,31050,9404
06:34:11,18323,362,18024,9671,13183,236321679,154752756,7915,1884,5231,6,43941,31050,44123,31050,9404
06:34:12,18258,418,17903,9726,13183,236321679,154752825,7929,1892,5231,6,43941,31050,44123,31050,9404
06:34:14,18315,474,17904,9669,13183,236321679,154753025,7942,1892,5230,6,43941,31182,44123,31182,9404
06:34:15,18211,379,17910,9704,13181,236321679,154753472,7975,1978,5228,6,43959,31222,44141,31222,9404
06:34:16,18206,379,17912,9708,13181,236321679,154753474,7979,1978,5228,6,43959,31222,44141,31222,9404
06:34:17,18181,353,17913,9724,13181,236321679,154753555,7981,1979,5228,6,43959,31242,44141,31242,9404
06:34:18,18188,355,17915,9724,13181,236321679,154753555,7987,1979,5228,6,43959,31242,44141,31242,9404
06:34:19,18184,353,17916,9721,13181,236321679,154753579,7987,1979,5228,6,43959,31242,44141,31242,9404
06:34:20,18138,303,17917,9770,13181,236321679,154753579,8034,1979,5228,6,43959,31242,44141,31242,9404
06:34:21,18119,283,17920,9789,13181,236321679,154753581,8057,1979,5228,6,43959,31242,44141,31242,9404
06:34:22,17794,308,17544,10112,13181,236321679,154753589,8068,1979,5228,6,43959,31242,44141,31242,9404
06:34:23,17767,285,17544,10132,13181,236321679,154753589,8068,1979,5228,6,43959,31242,44141,31242,9404
06:34:25,17533,299,17298,10351,13181,236321679,154753592,8068,1979,5228,6,43959,31242,44141,31242,9404
06:34:26,17901,632,17331,9996,13181,236321679,154753733,8214,2003,5228,6,43959,31244,44141,31244,9404
06:34:27,17903,632,17332,9977,13181,236321679,154753745,8215,2003,5228,6,43959,31268,44141,31268,9404
06:34:28,17911,640,17334,9975,13181,236321679,154753748,8225,2004,5228,6,43959,31270,44141,31268,9404
06:34:29,17782,509,17341,10004,13181,236321679,154753845,8254,2165,5227,6,43975,31286,44157,31286,9404
06:34:30,17745,468,17344,10020,13181,236321679,154753864,8257,2165,5227,6,43975,31358,44157,31358,9404
06:34:31,17739,461,17347,10013,13181,236321679,154753870,8260,2166,5227,6,43975,31358,44157,31358,9404
06:34:32,17743,463,17349,10034,13181,236321679,154753896,8281,2166,5227,6,43975,31358,44157,31358,9404
06:34:33,17724,442,17352,10056,13181,236321679,154753966,8283,2166,5227,6,43975,31358,44157,31358,9404
06:34:34,17719,435,17354,10035,13181,236321679,154753976,8303,2166,5227,6,43975,31358,44157,31358,9404
06:34:36,17566,374,17261,10221,13181,236321679,154754088,8427,2182,5227,6,43975,31358,44157,31358,9404
06:34:37,17581,384,17265,10196,13181,236321679,154754104,8443,2182,5227,6,43975,31358,44157,31358,9404
06:34:38,17507,289,17285,10270,13181,236321679,154756970,8560,2187,5217,6,43975,31358,44157,31358,9404
06:34:39,17378,274,17171,10432,13181,236321679,154761703,8699,2192,5201,6,43975,31358,44157,31358,9404
06:34:40,17228,357,16937,10584,13179,236321679,154768760,8726,2194,5175,6,43975,31358,44157,31358,9404
06:34:41,17186,312,16939,10613,13179,236321679,154780314,8768,2194,5137,6,43975,31358,44157,31358,9404
06:34:42,17104,231,16940,10660,13179,236321679,154795386,8815,2194,5090,6,43975,31358,44157,31358,9404
06:34:43,17056,306,16816,10714,13179,236321679,154812343,8870,2194,5035,6,43975,31358,44157,31358,9404
06:34:44,17002,251,16816,10786,13179,236321679,154827172,8941,2195,4964,6,43975,31358,44157,31358,9404
06:34:45,16965,338,16693,10856,13179,236321719,154840063,9009,2198,4896,6,43975,31358,44157,31358,9404
06:34:47,16915,282,16699,10881,13179,236321719,154848801,9038,2200,4868,6,43975,31358,44157,31358,9404
06:34:48,16840,330,16576,10930,13179,236321719,154865515,9086,2202,4821,6,43975,31358,44157,31358,9404
06:34:49,16802,413,16453,10961,13179,236321719,154874367,9116,2202,4792,6,43975,31358,44157,31358,9404
06:34:50,16684,408,16341,11093,13179,236321719,154891169,9250,2206,4729,6,43975,31358,44157,31358,9404
06:34:51,16644,369,16341,11137,13179,236321719,154901300,9294,2206,4688,6,43975,31358,44157,31358,9404
06:34:52,16609,457,16217,11179,13179,236321719,154910059,9341,2206,4652,6,43975,31358,44157,31358,9404
06:34:53,16540,385,16220,11225,13179,236321719,154921412,9380,2208,4614,6,43975,31358,44157,31358,9404
06:34:54,16534,466,16134,11238,13207,236328856,154936965,9395,2208,4599,6,43975,31358,44157,31358,9404
06:34:55,16444,376,16135,11300,13207,236328856,154954416,9451,2208,4543,6,43975,31358,44157,31358,9404
06:34:56,16491,424,16133,11289,13246,236344375,154969493,9446,2209,4548,6,43975,31358,44157,31358,9404
06:34:57,16430,364,16133,11374,13246,236344375,154985853,9531,2210,4463,6,43975,31358,44157,31358,9404
06:34:59,16418,352,16133,11376,13246,236344375,154986214,9531,2210,4463,6,43975,31358,44157,31358,9404
06:35:00,16451,384,16133,11365,13251,236346161,154986227,9521,2210,4473,6,43975,31358,44157,31358,9404
06:35:01,16428,360,16135,11366,13251,236346161,154986258,9521,2210,4473,6,43975,31358,44157,31358,9404
06:35:02,16429,360,16135,11369,13251,236346161,154986439,9521,2210,4473,6,43975,31358,44157,31358,9404
